ti_uid,ancestry,n_individuals,total_n,p
ABCC8-D003920,African,4847.0,1192071.0,0.004066032979579236
ABCC8-D003920,East Asian,71221.0,1192071.0,0.059745602401199256
ABCC8-D003920,European,1109108.0,1192071.0,0.9304043131659104
ABCC8-D003920,South Asian,6895.0,1192071.0,0.005784051453311087
ACVR2A-D007676,African,6016.0,1230971.0,0.004887198804845931
ACVR2A-D007676,European,1217616.0,1230971.0,0.9891508410839898
ACVR2A-D007676,South Asian,7339.0,1230971.0,0.005961960111164276
ACVR2A-D013921,European,445000.0,445000.0,1.0
ADIPOR2-D009765,European,457756.0,457756.0,1.0
ADM-D018805,European,855581.0,855581.0,1.0
ADORA1-D001281,African,8967.0,2374541.0,0.0037763087687262505
ADORA1-D001281,East Asian,362556.0,2374541.0,0.15268466621549176
ADORA1-D001281,European,1997996.0,2374541.0,0.8414240899609651
ADORA1-D001281,Hispanic/Latin American,5022.0,2374541.0,0.0021149350548169098
ADORA2A-D009203,African,2908.0,166459.0,0.017469767330093297
ADORA2A-D009203,East Asian,9396.0,166459.0,0.05644633212983377
ADORA2A-D009203,European,126630.0,166459.0,0.7607278669221851
ADORA2A-D009203,Hispanic/Latin American,3615.0,166459.0,0.02171705945608228
ADORA2A-D009203,Middle Eastern,754.0,166459.0,0.004529643936344686
ADORA2A-D009203,South Asian,23156.0,166459.0,0.13910933022546093
ADORA2B-D001249,European,371898.0,371898.0,1.0
ADRA1A-D006973,European,422713.0,422713.0,1.0
ADRA2B-D006973,East Asian,145445.0,3590147.0,0.04051226871768761
ADRA2B-D006973,European,3444702.0,3590147.0,0.9594877312823124
ADRA2C-D006973,European,844713.0,844713.0,1.0
ADRB1-D006949,East Asian,72866.0,2089750.0,0.034868285680105277
ADRB1-D006949,European,2016884.0,2089750.0,0.9651317143198948
ADRB2-D001249,European,771950.0,771950.0,1.0
ADRB2-D006949,European,398508.0,398508.0,1.0
ADRB2-D006973,European,1587674.0,1587674.0,1.0
ADRB2-D029424,European,771950.0,771950.0,1.0
AKT1-D001943,East Asian,14068.0,243019.0,0.05788847785564092
AKT1-D001943,European,228951.0,243019.0,0.9421115221443591
AKT1-D010051,European,88660.0,88660.0,1.0
AKT1-D016889,European,88660.0,88660.0,1.0
ALCAM-D001943,East Asian,30974.0,30974.0,1.0
ALDH2-D000437,East Asian,574677.0,922083.0,0.6232378213241108
ALDH2-D000437,European,347406.0,922083.0,0.37676217867588924
ALDH2-D019973,East Asian,574677.0,922083.0,0.6232378213241108
ALDH2-D019973,European,347406.0,922083.0,0.37676217867588924
ALOX12-D013921,European,445364.0,445364.0,1.0
ALOX5-D015228,European,836386.0,836386.0,1.0
APOA1-D006937,East Asian,241405.0,2285670.0,0.10561673382421785
APOA1-D006937,European,2044265.0,2285670.0,0.8943832661757821
APOA1-D006938,East Asian,241405.0,2285670.0,0.10561673382421785
APOA1-D006938,European,2044265.0,2285670.0,0.8943832661757821
APOA1-D006949,East Asian,241405.0,2285670.0,0.10561673382421785
APOA1-D006949,European,2044265.0,2285670.0,0.8943832661757821
APOA1-D052456,East Asian,70657.0,1551589.0,0.0455384770064753
APOA1-D052456,European,1480932.0,1551589.0,0.9544615229935247
APOL1-D005923,African,1815.0,3706.0,0.48974635725849974
APOL1-D005923,European,1891.0,3706.0,0.5102536427415003
APOL1-D007676,African,9013.0,32799.0,0.27479496326107505
APOL1-D007676,East Asian,3648.0,32799.0,0.11122290313729077
APOL1-D007676,Hispanic/Latin American,16134.0,32799.0,0.4919052410134455
APOL1-D007676,Native American,50.0,32799.0,0.0015244367206317265
APOL1-D007676,Oceanian,2988.0,32799.0,0.09110033842495198
APOL1-D007676,Other,966.0,32799.0,0.029452117442604956
APOL1-D051437,African,9013.0,32799.0,0.27479496326107505
APOL1-D051437,East Asian,3648.0,32799.0,0.11122290313729077
APOL1-D051437,Hispanic/Latin American,16134.0,32799.0,0.4919052410134455
APOL1-D051437,Native American,50.0,32799.0,0.0015244367206317265
APOL1-D051437,Oceanian,2988.0,32799.0,0.09110033842495198
APOL1-D051437,Other,966.0,32799.0,0.029452117442604956
AR-D011471,African,21354.0,234253.0,0.09115785069988432
AR-D011471,East Asian,27420.0,234253.0,0.11705292995180425
AR-D011471,European,177526.0,234253.0,0.7578387469957696
AR-D011471,Hispanic/Latin American,7953.0,234253.0,0.03395047235254191
AVPR1A-D018805,European,418642.0,418642.0,1.0
AXL-D005922,East Asian,175359.0,653143.0,0.26848484941276257
AXL-D005922,European,477784.0,653143.0,0.7315151505872374
BCL11A-D000755,South Asian,792.0,792.0,1.0
BCL11A-D013789,South Asian,792.0,792.0,1.0
BCL2-D000740,European,3978720.0,3978720.0,1.0
BCL2-D008224,European,17867.0,17867.0,1.0
C3-D008107,European,1190417.0,1190417.0,1.0
C3-D008181,East Asian,208370.0,208370.0,1.0
CACNA1C-D006973,European,757601.0,757601.0,1.0
CACNA2D1-D001008,European,373121.0,373121.0,1.0
CALCA-D009765,European,219872.0,219872.0,1.0
CALCR-D003920,European,437749.0,437749.0,1.0
CALCRL-D008593,East Asian,43861.0,406299.0,0.1079525177270926
CALCRL-D008593,European,362438.0,406299.0,0.8920474822729074
CASP8-D001943,East Asian,243974.0,1399479.0,0.17433201927288655
CASP8-D001943,European,1143863.0,1399479.0,0.8173491706556512
CASP8-D001943,Other Asian,11642.0,1399479.0,0.008318810071462308
CASP8-D008107,African,6015.0,833265.0,0.0072185919245378125
CASP8-D008107,East Asian,133471.0,833265.0,0.1601783346234391
CASP8-D008107,European,686443.0,833265.0,0.8237991515304255
CASP8-D008107,South Asian,7336.0,833265.0,0.008803921921597572
CASP8-D008175,East Asian,53310.0,108950.0,0.4893070215695273
CASP8-D008175,European,55640.0,108950.0,0.5106929784304727
CASP8-D015179,East Asian,160589.0,160589.0,1.0
CASR-D006934,African,5576.0,1685296.0,0.003308617595959404
CASR-D006934,East Asian,239661.0,1685296.0,0.14220706629577237
CASR-D006934,European,1429416.0,1685296.0,0.8481691050118199
CASR-D006934,South Asian,10643.0,1685296.0,0.006315211096448339
CASR-D006962,European,29155.0,29155.0,1.0
CASR-D006996,African,5576.0,1685296.0,0.003308617595959404
CASR-D006996,East Asian,239661.0,1685296.0,0.14220706629577237
CASR-D006996,European,1429416.0,1685296.0,0.8481691050118199
CASR-D006996,South Asian,10643.0,1685296.0,0.006315211096448339
CASR-D049950,European,29155.0,29155.0,1.0
CBS-D006712,European,9639.0,9639.0,1.0
CCL11-D003093,European,135504.0,135504.0,1.0
CCL11-D003424,European,135504.0,135504.0,1.0
CCL20-D004485,European,459000.0,459000.0,1.0
CCND1-D001943,East Asian,164424.0,1220335.0,0.13473677309918997
CCND1-D001943,European,1044269.0,1220335.0,0.8557232235410769
CCND1-D001943,Other Asian,11642.0,1220335.0,0.009540003359733188
CCNE1-D001943,European,140970.0,140970.0,1.0
CCR2-D001172,East Asian,26421.0,84705.0,0.31191783247742166
CCR2-D001172,European,58284.0,84705.0,0.6880821675225783
CCR2-D008269,European,68423.0,68423.0,1.0
CCR4-D003876,East Asian,343457.0,802457.0,0.4280067343172282
CCR4-D003876,European,459000.0,802457.0,0.5719932656827718
CCR5-D001172,East Asian,26421.0,84705.0,0.31191783247742166
CCR5-D001172,European,58284.0,84705.0,0.6880821675225783
CCR5-D008269,European,68423.0,68423.0,1.0
CCR9-D007249,European,8243.0,8243.0,1.0
CD200R1-D003876,European,859449.0,859449.0,1.0
CD274-D010051,European,113238.0,113238.0,1.0
CD28-D001172,African,2308.0,558471.0,0.004132712352118552
CD28-D001172,East Asian,311300.0,558471.0,0.557414798619803
CD28-D001172,European,244863.0,558471.0,0.43845248902807843
CD28-D001327,European,59467.0,59467.0,1.0
CD28-D011565,European,33394.0,33394.0,1.0
CD28-D012859,African,2308.0,558471.0,0.004132712352118552
CD28-D012859,East Asian,311300.0,558471.0,0.557414798619803
CD28-D012859,European,244863.0,558471.0,0.43845248902807843
CD28-D015535,European,33394.0,33394.0,1.0
CD40-D001172,African,2308.0,685927.0,0.0033647895475757625
CD40-D001172,East Asian,320599.0,685927.0,0.4673952184416126
CD40-D001172,European,363020.0,685927.0,0.5292399920108116
CD40-D003093,East Asian,11952.0,242818.0,0.04922205108352758
CD40-D003093,European,225896.0,242818.0,0.9303099440733389
CD40-D003093,Middle Eastern,1383.0,242818.0,0.005695623882908186
CD40-D003093,South Asian,3587.0,242818.0,0.014772380960225354
CD40-D003424,East Asian,11952.0,242818.0,0.04922205108352758
CD40-D003424,European,225896.0,242818.0,0.9303099440733389
CD40-D003424,Middle Eastern,1383.0,242818.0,0.005695623882908186
CD40-D003424,South Asian,3587.0,242818.0,0.014772380960225354
CD40-D006689,European,27750.0,27750.0,1.0
CD40-D008180,African,5422.0,27574.0,0.19663451077101618
CD40-D008180,European,18264.0,27574.0,0.6623630956698339
CD40-D008180,Hispanic/Latin American,3888.0,27574.0,0.14100239355914992
CD40-D008181,African,5422.0,27574.0,0.19663451077101618
CD40-D008181,European,18264.0,27574.0,0.6623630956698339
CD40-D008181,Hispanic/Latin American,3888.0,27574.0,0.14100239355914992
CD40-D012859,African,2308.0,685927.0,0.0033647895475757625
CD40-D012859,East Asian,320599.0,685927.0,0.4673952184416126
CD40-D012859,European,363020.0,685927.0,0.5292399920108116
CD80-D008180,East Asian,15389.0,15389.0,1.0
CDK6-D011471,African,21354.0,234253.0,0.09115785069988432
CDK6-D011471,East Asian,27420.0,234253.0,0.11705292995180425
CDK6-D011471,European,177526.0,234253.0,0.7578387469957696
CDK6-D011471,Hispanic/Latin American,7953.0,234253.0,0.03395047235254191
CDKN1A-D015179,East Asian,3481.0,151398.0,0.02299237770644262
CDKN1A-D015179,European,147917.0,151398.0,0.9770076222935574
CDKN2A-D011471,African,31817.0,461547.0,0.06893555802550987
CDKN2A-D011471,East Asian,34374.0,461547.0,0.07447562220098929
CDKN2A-D011471,European,385323.0,461547.0,0.8348510552554778
CDKN2A-D011471,Hispanic/Latin American,10033.0,461547.0,0.021737764518023082
CEBPB-D001943,East Asian,84874.0,554418.0,0.15308666024551873
CEBPB-D001943,European,457902.0,554418.0,0.8259147430278238
CEBPB-D001943,Other Asian,11642.0,554418.0,0.020998596726657503
CHEK2-D006258,East Asian,26410.0,26410.0,1.0
CHEK2-D010051,European,108968.0,108968.0,1.0
CHEK2-D011471,European,140254.0,140254.0,1.0
CHEK2-D015179,East Asian,26410.0,26410.0,1.0
CHRNA3-D014029,European,40386.0,40386.0,1.0
CHRNB4-D006973,European,331204.0,331204.0,1.0
COL4A1-D015179,East Asian,167691.0,730660.0,0.22950619987408644
COL4A1-D015179,European,562969.0,730660.0,0.7704938001259135
CRHR1-D000072861,European,2466832.0,2466832.0,1.0
CRHR1-D001008,European,2466832.0,2466832.0,1.0
CSF2-D001172,East Asian,47926.0,47926.0,1.0
CSF2-D001249,African,8204.0,1610256.0,0.005094842062380143
CSF2-D001249,East Asian,5215.0,1610256.0,0.0032386154748064904
CSF2-D001249,European,1595439.0,1610256.0,0.990798357528244
CSF2-D001249,Hispanic/Latin American,1398.0,1610256.0,0.0008681849345694101
CSF2-D029424,African,8204.0,1610256.0,0.005094842062380143
CSF2-D029424,East Asian,5215.0,1610256.0,0.0032386154748064904
CSF2-D029424,European,1595439.0,1610256.0,0.990798357528244
CSF2-D029424,Hispanic/Latin American,1398.0,1610256.0,0.0008681849345694101
CTLA4-D008180,East Asian,12653.0,25268.0,0.5007519392116511
CTLA4-D008180,European,12615.0,25268.0,0.4992480607883489
CTNNB1-D015179,African,6597.0,308931.0,0.021354282995231944
CTNNB1-D015179,East Asian,36324.0,308931.0,0.11757965370908068
CTNNB1-D015179,European,260069.0,308931.0,0.8418352318155187
CTNNB1-D015179,Hispanic/Latin American,5941.0,308931.0,0.01923083148016871
CXCR4-D009503,African,13476.0,13476.0,1.0
CYP19A1-D001943,European,372512.0,372512.0,1.0
CYP24A1-D011471,African,21354.0,374507.0,0.05701896092729909
CYP24A1-D011471,East Asian,27420.0,374507.0,0.07321625496986706
CYP24A1-D011471,European,317780.0,374507.0,0.848528865949101
CYP24A1-D011471,Hispanic/Latin American,7953.0,374507.0,0.021235918153732773
DNMT3A-D058186,European,875240.0,875240.0,1.0
DNMT3B-D058186,East Asian,150266.0,494370.0,0.30395452798511235
DNMT3B-D058186,European,344104.0,494370.0,0.6960454720148876
DPEP1-D058186,East Asian,150266.0,932030.0,0.1612244241065202
DPEP1-D058186,European,781764.0,932030.0,0.8387755758934798
DPP4-D001172,East Asian,6580.0,6580.0,1.0
DPP4-D009765,European,915822.0,915822.0,1.0
DRD2-D000437,African,56648.0,588350.0,0.09628282484915442
DRD2-D000437,East Asian,1374.0,588350.0,0.002335344607801479
DRD2-D000437,European,515963.0,588350.0,0.8769660916121357
DRD2-D000437,Hispanic/Latin American,14175.0,588350.0,0.024092801903628794
DRD2-D000437,South Asian,190.0,588350.0,0.00032293702727968044
DRD2-D001008,European,3484554.0,3484554.0,1.0
EDNRB-D005770,European,92967.0,92967.0,1.0
EGFR-D007676,European,437580.0,437580.0,1.0
EGFR-D018242,European,88186.0,88186.0,1.0
EGLN2-D000740,European,1144983.0,1144983.0,1.0
ENPEP-D006333,East Asian,391179.0,1854662.0,0.2109165982804414
ENPEP-D006333,European,1463483.0,1854662.0,0.7890834017195586
ENPP1-D017674,East Asian,42793.0,42793.0,1.0
EPAS1-D007680,European,97307.0,97307.0,1.0
EPOR-D000740,European,3177290.0,3177290.0,1.0
ERBB3-D010051,European,113238.0,113238.0,1.0
ERBB4-D001943,East Asian,91769.0,777730.0,0.1179959626091317
ERBB4-D001943,European,685961.0,777730.0,0.8820040373908683
ESR1-D001943,African,3748.0,2403181.0,0.0015595995474331728
ESR1-D001943,East Asian,500923.0,2403181.0,0.2084416446368376
ESR1-D001943,European,1862438.0,2403181.0,0.7749886504595368
ESR1-D001943,Hispanic/Latin American,12788.0,2403181.0,0.005321280419577219
ESR1-D001943,Other Asian,23284.0,2403181.0,0.009688824936615261
ESR1-D004700,European,1887713.0,1887713.0,1.0
ESR1-D006177,African,3748.0,2403181.0,0.0015595995474331728
ESR1-D006177,East Asian,500923.0,2403181.0,0.2084416446368376
ESR1-D006177,European,1862438.0,2403181.0,0.7749886504595368
ESR1-D006177,Hispanic/Latin American,12788.0,2403181.0,0.005321280419577219
ESR1-D006177,Other Asian,23284.0,2403181.0,0.009688824936615261
ESR1-D009369,European,475312.0,475312.0,1.0
F10-D001778,East Asian,58110.0,60210.0,0.9651220727453911
F10-D001778,European,2100.0,60210.0,0.03487792725460887
F10-D006467,European,23026.0,23026.0,1.0
F11-D001778,East Asian,37767.0,49618.0,0.7611552259260752
F11-D001778,European,11851.0,49618.0,0.2388447740739248
F11-D005173,European,18214.0,18214.0,1.0
F7-D005168,European,23912.0,23912.0,1.0
F7-D006467,European,23912.0,23912.0,1.0
FBP1-D003924,European,1114458.0,1114458.0,1.0
FCGR2A-D014657,East Asian,2540.0,20012.0,0.12692384569258444
FCGR2A-D014657,European,17067.0,20012.0,0.8528382970217869
FCGR2A-D014657,Other,405.0,20012.0,0.020237857285628623
FCGR2B-D008180,East Asian,208370.0,208370.0,1.0
FCGR2B-D016553,European,953315.0,953315.0,1.0
FCGRT-D013921,East Asian,304220.0,2147706.0,0.14164881040514857
FCGRT-D013921,European,1843486.0,2147706.0,0.8583511895948515
FCGRT-D016553,East Asian,304220.0,1702840.0,0.17865448309882315
FCGRT-D016553,European,1398620.0,1702840.0,0.8213455169011769
FGFR1-D003924,East Asian,433540.0,433540.0,1.0
FGFR1-D009765,European,2180412.0,2180412.0,1.0
FGFR2-D009369,European,1349125.0,1349125.0,1.0
FGFR3-D001249,European,770052.0,770052.0,1.0
FGFR4-D007890,East Asian,80208.0,338926.0,0.23665342877206233
FGFR4-D007890,European,258718.0,338926.0,0.7633465712279377
FGFR4-D009765,East Asian,165419.0,1552241.0,0.10656785898581471
FGFR4-D009765,European,1386822.0,1552241.0,0.8934321410141853
FGFR4-D012208,East Asian,80208.0,338926.0,0.23665342877206233
FGFR4-D012208,European,258718.0,338926.0,0.7633465712279377
FLT1-D009216,European,743054.0,743054.0,1.0
FLT3-D013921,European,1395805.0,1395805.0,1.0
FLT3-D013922,European,1395805.0,1395805.0,1.0
FLT4-D006258,East Asian,930.0,930.0,1.0
FLT4-D009303,East Asian,930.0,930.0,1.0
FSHR-D010051,East Asian,21059.0,21059.0,1.0
FYN-D010300,East Asian,35084.0,3435542.0,0.010212071341290544
FYN-D010300,European,3400458.0,3435542.0,0.9897879286587095
GABRA2-D004827,African,2645.0,33446.0,0.07908270047240328
GABRA2-D004827,East Asian,2875.0,33446.0,0.08595945703522095
GABRA2-D004827,European,27926.0,33446.0,0.8349578424923758
GABRA2-D004829,African,2645.0,33446.0,0.07908270047240328
GABRA2-D004829,East Asian,2875.0,33446.0,0.08595945703522095
GABRA2-D004829,European,27926.0,33446.0,0.8349578424923758
GATA3-D003876,East Asian,113101.0,674554.0,0.16766782199794233
GATA3-D003876,European,561453.0,674554.0,0.8323321780020576
GCH1-D010300,European,2774865.0,2774865.0,1.0
GDF15-D003920,East Asian,71221.0,415403.0,0.17145037469637917
GDF15-D003920,European,344182.0,415403.0,0.8285496253036209
GFRAL-D009765,African,27610.0,1639096.0,0.016844650953940464
GFRAL-D009765,East Asian,8839.0,1639096.0,0.005392606656352038
GFRAL-D009765,European,1562477.0,1639096.0,0.9532553309873247
GFRAL-D009765,Hispanic/Latin American,10772.0,1639096.0,0.0065719152508455884
GFRAL-D009765,South Asian,29398.0,1639096.0,0.017935496151537188
GHR-D009765,East Asian,165419.0,712360.0,0.23221264529170643
GHR-D009765,European,546941.0,712360.0,0.7677873547082935
GLP1R-D003920,European,437749.0,437749.0,1.0
GLP1R-D009765,East Asian,163835.0,523818.0,0.31277084788991594
GLP1R-D009765,European,359983.0,523818.0,0.6872291521100841
GLP1R-D051437,European,437660.0,437660.0,1.0
GNRH1-D004715,East Asian,82761.0,314532.0,0.2631242608065316
GNRH1-D004715,European,231771.0,314532.0,0.7368757391934684
GNRH1-D007889,East Asian,160416.0,419134.0,0.3827320141052742
GNRH1-D007889,European,258718.0,419134.0,0.6172679858947258
GP6-D013927,African,1453.0,10841.0,0.13402822617839683
GP6-D013927,European,9388.0,10841.0,0.8659717738216032
GRIA1-D012893,European,1331010.0,1331010.0,1.0
GRM3-D001008,European,2301654.0,2301654.0,1.0
GRM5-D001008,European,2949938.0,2949938.0,1.0
GRM5-D009771,European,2949938.0,2949938.0,1.0
GRN-D057180,European,4611.0,4611.0,1.0
HBG1-D000755,South Asian,792.0,792.0,1.0
HBG1-D013789,South Asian,792.0,792.0,1.0
HCAR2-D006937,African,5550.0,1925583.0,0.002882243974941615
HCAR2-D006937,European,1913351.0,1925583.0,0.9936476381438765
HCAR2-D006937,South Asian,6682.0,1925583.0,0.003470117881181959
HCAR2-D006949,African,5550.0,1925583.0,0.002882243974941615
HCAR2-D006949,European,1913351.0,1925583.0,0.9936476381438765
HCAR2-D006949,South Asian,6682.0,1925583.0,0.003470117881181959
HCAR3-D006937,African,5550.0,1925583.0,0.002882243974941615
HCAR3-D006937,European,1913351.0,1925583.0,0.9936476381438765
HCAR3-D006937,South Asian,6682.0,1925583.0,0.003470117881181959
HCAR3-D006949,African,5550.0,1925583.0,0.002882243974941615
HCAR3-D006949,European,1913351.0,1925583.0,0.9936476381438765
HCAR3-D006949,South Asian,6682.0,1925583.0,0.003470117881181959
HCN4-D001281,African,8967.0,2401766.0,0.003733502764215998
HCN4-D001281,East Asian,196482.0,2401766.0,0.0818073034592046
HCN4-D001281,European,2191295.0,2401766.0,0.9123682323756769
HCN4-D001281,Hispanic/Latin American,5022.0,2401766.0,0.0020909614009025027
HCRTR1-D007319,European,993966.0,993966.0,1.0
HCRTR1-D012893,European,993966.0,993966.0,1.0
HCRTR1-D029424,European,741898.0,741898.0,1.0
HLA-DRB1-D001172,African,2308.0,165231.0,0.013968323135489104
HLA-DRB1-D001172,East Asian,22514.0,165231.0,0.13625772403483608
HLA-DRB1-D001172,European,140409.0,165231.0,0.8497739528296748
HLA-G-D002289,European,66756.0,66756.0,1.0
HLA-G-D015179,East Asian,70506.0,70506.0,1.0
HRH4-D001249,European,1143950.0,1143950.0,1.0
HRH4-D029424,European,1143950.0,1143950.0,1.0
HRH4-D065631,European,1143950.0,1143950.0,1.0
HSD11B1-D009765,European,2180412.0,2180412.0,1.0
HTR1A-D007319,European,993966.0,993966.0,1.0
HTR1A-D009765,European,2925095.0,2925095.0,1.0
HTR6-D001714,European,475038.0,475038.0,1.0
ICOSLG-D001172,East Asian,253008.0,311292.0,0.8127674337920666
ICOSLG-D001172,European,58284.0,311292.0,0.18723256620793338
ICOSLG-D012859,East Asian,253008.0,311292.0,0.8127674337920666
ICOSLG-D012859,European,58284.0,311292.0,0.18723256620793338
ICOSLG-D015535,East Asian,3117.0,25764.0,0.12098276665114113
ICOSLG-D015535,European,22647.0,25764.0,0.8790172333488588
IFNG-D011565,European,33394.0,33394.0,1.0
IFNGR1-D013922,European,542827.0,542827.0,1.0
IGF1-D024821,European,285376.0,285376.0,1.0
IKBKB-D009101,European,31416.0,31416.0,1.0
IL10-D008180,African,5422.0,61299.0,0.08845168762948824
IL10-D008180,European,51989.0,61299.0,0.8481215027977618
IL10-D008180,Hispanic/Latin American,3888.0,61299.0,0.06342680957274996
IL12A-D013921,European,950939.0,950939.0,1.0
IL12B-D001327,European,459000.0,459000.0,1.0
IL12B-D008105,East Asian,31288.0,87086.0,0.3592770364926624
IL12B-D008105,European,55798.0,87086.0,0.6407229635073376
IL12B-D012507,African,1657.0,16715.0,0.09913251570445708
IL12B-D012507,European,15058.0,16715.0,0.900867484295543
IL12B-D013625,East Asian,965.0,9258.0,0.10423417584791532
IL12B-D013625,European,2938.0,9258.0,0.31734715921365303
IL12B-D013625,Other,4808.0,9258.0,0.5193346295096133
IL12B-D013625,South Asian,547.0,9258.0,0.05908403542881832
IL12B-D013921,European,542827.0,542827.0,1.0
IL12RB2-D001172,East Asian,26421.0,84705.0,0.31191783247742166
IL12RB2-D001172,European,58284.0,84705.0,0.6880821675225783
IL12RB2-D003424,East Asian,16805.0,287351.0,0.05848248309558693
IL12RB2-D003424,European,262608.0,287351.0,0.9138927652940132
IL12RB2-D003424,Middle Eastern,2122.0,287351.0,0.00738469676458408
IL12RB2-D003424,South Asian,5816.0,287351.0,0.020240054845815744
IL13-D006689,European,22985.0,22985.0,1.0
IL13-D057765,African,5008.0,1360045.0,0.0036822311026473388
IL13-D057765,East Asian,242029.0,1360045.0,0.17795661172975893
IL13-D057765,European,1109023.0,1360045.0,0.8154311070589576
IL13-D057765,Hispanic/Latin American,3985.0,1360045.0,0.0029300501086361114
IL17RB-D001249,European,1141950.0,1141950.0,1.0
IL18R1-D007249,European,436939.0,436939.0,1.0
IL1B-D007249,European,436939.0,436939.0,1.0
IL1R1-D029424,European,1048050.0,1048050.0,1.0
IL1RL1-D009298,East Asian,152006.0,1321112.0,0.11505913200394818
IL1RL1-D009298,European,1169106.0,1321112.0,0.8849408679960518
IL2-D002761,European,53619.0,53619.0,1.0
IL2-D003922,European,597755.0,597755.0,1.0
IL2-D008180,African,5422.0,27574.0,0.19663451077101618
IL2-D008180,European,18264.0,27574.0,0.6623630956698339
IL2-D008180,Hispanic/Latin American,3888.0,27574.0,0.14100239355914992
IL2-D011565,European,33394.0,33394.0,1.0
IL21-D002446,European,98525.0,99765.0,0.9875707913596953
IL21-D002446,South Asian,1240.0,99765.0,0.012429208640304716
IL21-D008180,African,5422.0,27574.0,0.19663451077101618
IL21-D008180,European,18264.0,27574.0,0.6623630956698339
IL21-D008180,Hispanic/Latin American,3888.0,27574.0,0.14100239355914992
IL21-D011565,European,33394.0,33394.0,1.0
IL23A-D010916,East Asian,15437.0,396521.0,0.03893110327069688
IL23A-D010916,European,381084.0,396521.0,0.9610688967293031
IL23A-D011565,East Asian,15437.0,396521.0,0.03893110327069688
IL23A-D011565,European,381084.0,396521.0,0.9610688967293031
IL23A-D015535,East Asian,15437.0,396521.0,0.03893110327069688
IL23A-D015535,European,381084.0,396521.0,0.9610688967293031
IL2RA-D001172,African,2308.0,619056.0,0.0037282572174407486
IL2RA-D001172,East Asian,320599.0,619056.0,0.5178836809593962
IL2RA-D001172,European,296149.0,619056.0,0.478388061823163
IL2RA-D001327,European,518467.0,518467.0,1.0
IL2RA-D003922,East Asian,133251.0,1291672.0,0.10316163855839564
IL2RA-D003922,European,1158421.0,1291672.0,0.8968383614416043
IL2RA-D012859,African,2308.0,619056.0,0.0037282572174407486
IL2RA-D012859,East Asian,320599.0,619056.0,0.5178836809593962
IL2RA-D012859,European,296149.0,619056.0,0.478388061823163
IL3-D001249,European,370000.0,370000.0,1.0
IL33-D003876,European,459000.0,459000.0,1.0
IL33-D009298,East Asian,152006.0,1321112.0,0.11505913200394818
IL33-D009298,European,1169106.0,1321112.0,0.8849408679960518
IL33-D012852,East Asian,156843.0,609338.0,0.2573990133554776
IL33-D012852,European,452495.0,609338.0,0.7426009866445225
IL4R-D003876,European,459000.0,459000.0,1.0
IL4R-D006967,European,360838.0,360838.0,1.0
IL6-D000740,East Asian,236082.0,236082.0,1.0
IL6-D007249,African,6006.0,1842141.0,0.0032603367494670604
IL6-D007249,East Asian,202786.0,1842141.0,0.11008169298658463
IL6-D007249,European,1626033.0,1842141.0,0.8826865044532421
IL6-D007249,South Asian,7316.0,1842141.0,0.003971465810706129
IL6R-D001171,European,31138.0,31138.0,1.0
IL6R-D001172,African,2308.0,568220.0,0.004061807046566471
IL6R-D001172,East Asian,311300.0,568220.0,0.5478511844004083
IL6R-D001172,European,254612.0,568220.0,0.44808700855302525
IL6R-D013167,East Asian,3117.0,25764.0,0.12098276665114113
IL6R-D013167,European,22647.0,25764.0,0.8790172333488588
IL7-D009103,European,80087.0,80087.0,1.0
IL7R-D003922,European,520580.0,520580.0,1.0
INPP5D-D003876,East Asian,168103.0,627103.0,0.26806282221580824
INPP5D-D003876,European,459000.0,627103.0,0.7319371777841918
INS-D003920,African,4847.0,923474.0,0.005248658868576701
INS-D003920,European,911732.0,923474.0,0.9872849695822513
INS-D003920,South Asian,6895.0,923474.0,0.007466371549171931
INS-D003922,African,3949.0,1279442.0,0.0030865017718661727
INS-D003922,East Asian,133251.0,1279442.0,0.10414774565787273
INS-D003922,European,1142242.0,1279442.0,0.8927657525702611
INSR-D009765,African,9070.0,1155831.0,0.00784716796832755
INSR-D009765,East Asian,165419.0,1155831.0,0.14311694356700935
INSR-D009765,European,976901.0,1155831.0,0.845193631248859
INSR-D009765,Other Asian,1650.0,1155831.0,0.0014275443382293779
INSR-D009765,South Asian,2791.0,1155831.0,0.0024147128775746625
ITGA2-D012164,European,95549.0,95549.0,1.0
ITGB7-D001249,European,743898.0,743898.0,1.0
ITGB8-D011471,African,21354.0,374507.0,0.05701896092729909
ITGB8-D011471,East Asian,27420.0,374507.0,0.07321625496986706
ITGB8-D011471,European,317780.0,374507.0,0.848528865949101
ITGB8-D011471,Hispanic/Latin American,7953.0,374507.0,0.021235918153732773
JAK1-D007249,African,6006.0,792066.0,0.007582701441546538
JAK1-D007249,European,778744.0,792066.0,0.9831806945380814
JAK1-D007249,South Asian,7316.0,792066.0,0.00923660402037204
JAK1-D013922,European,1359051.0,1359051.0,1.0
JAK2-D008180,East Asian,221544.0,244214.0,0.9071715790249535
JAK2-D008180,European,22670.0,244214.0,0.09282842097504647
JAK2-D011565,European,33394.0,33394.0,1.0
JAK2-D013921,East Asian,108208.0,5573513.0,0.019414685136645415
JAK2-D013921,European,5465305.0,5573513.0,0.9805853148633545
JAK2-D015535,European,33394.0,33394.0,1.0
KCNH2-D001281,African,8967.0,1619026.0,0.00553851513193735
KCNH2-D001281,East Asian,36792.0,1619026.0,0.022724774030806177
KCNH2-D001281,European,1568245.0,1619026.0,0.9686348458888245
KCNH2-D001281,Hispanic/Latin American,5022.0,1619026.0,0.0031018649484319586
KCNJ1-D051437,European,875240.0,875240.0,1.0
KCNJ5-D001281,African,8967.0,2327222.0,0.0038530917978602816
KCNJ5-D001281,East Asian,196482.0,2327222.0,0.08442769963501548
KCNJ5-D001281,European,2116751.0,2327222.0,0.9095612709058267
KCNJ5-D001281,Hispanic/Latin American,5022.0,2327222.0,0.002157937661297461
KDM1A-D013922,European,950939.0,950939.0,1.0
KIT-D001249,European,371898.0,371898.0,1.0
KIT-D017681,East Asian,93063.0,882919.0,0.10540377996169524
KIT-D017681,European,789856.0,882919.0,0.8945962200383047
KLK2-D011471,African,31454.0,2286688.0,0.013755265257000517
KLK2-D011471,East Asian,425425.0,2286688.0,0.1860441826781791
KLK2-D011471,European,1812795.0,2286688.0,0.7927600966988063
KLK2-D011471,Hispanic/Latin American,17014.0,2286688.0,0.007440455366014078
KLK3-D011471,African,31454.0,2311323.0,0.013608656167917682
KLK3-D011471,East Asian,454974.0,2311323.0,0.19684570265601128
KLK3-D011471,European,1807881.0,2311323.0,0.7821844891432309
KLK3-D011471,Hispanic/Latin American,17014.0,2311323.0,0.007361152032840066
LCAT-D007863,European,589331.0,589331.0,1.0
LEPR-D009765,European,490619.0,490619.0,1.0
LHCGR-D010051,East Asian,31828.0,31828.0,1.0
LHCGR-D011085,East Asian,31828.0,31828.0,1.0
LTF-D007249,European,8243.0,8243.0,1.0
MAP2K1-D011471,African,21354.0,374507.0,0.05701896092729909
MAP2K1-D011471,East Asian,27420.0,374507.0,0.07321625496986706
MAP2K1-D011471,European,317780.0,374507.0,0.848528865949101
MAP2K1-D011471,Hispanic/Latin American,7953.0,374507.0,0.021235918153732773
MAP2K1-D013736,African,21354.0,374507.0,0.05701896092729909
MAP2K1-D013736,East Asian,27420.0,374507.0,0.07321625496986706
MAP2K1-D013736,European,317780.0,374507.0,0.848528865949101
MAP2K1-D013736,Hispanic/Latin American,7953.0,374507.0,0.021235918153732773
MAP3K1-D001943,East Asian,92802.0,1504849.0,0.06166864582426543
MAP3K1-D001943,European,1400405.0,1504849.0,0.9305950298003322
MAP3K1-D001943,Other Asian,11642.0,1504849.0,0.007736324375402449
MAP3K1-D009369,European,598983.0,598983.0,1.0
MAPK14-D003929,European,3394.0,3394.0,1.0
MAPK14-D017719,European,3394.0,3394.0,1.0
MAPK3-D009765,European,374756.0,374756.0,1.0
MAPT-D010300,European,610193.0,616823.0,0.9892513735707001
MAPT-D010300,Other,6630.0,616823.0,0.010748626429299815
MAPT-D019578,European,610193.0,616823.0,0.9892513735707001
MAPT-D019578,Other,6630.0,616823.0,0.010748626429299815
MAT2A-D009369,European,475312.0,475312.0,1.0
MC1R-D000417,East Asian,34038.0,40956.0,0.831087020216818
MC1R-D000417,European,6918.0,40956.0,0.16891297978318195
MC1R-D009765,European,406697.0,406697.0,1.0
MC1R-D010787,European,367105.0,367105.0,1.0
MC1R-D014983,European,367105.0,367105.0,1.0
MC1R-D018307,European,1634009.0,1634009.0,1.0
MC4R-D003920,East Asian,71221.0,415403.0,0.17145037469637917
MC4R-D003920,European,344182.0,415403.0,0.8285496253036209
MC4R-D024821,European,291107.0,291107.0,1.0
MDM4-D001943,European,362854.0,362854.0,1.0
MDM4-D009369,European,475312.0,475312.0,1.0
MSLN-D009369,European,9824.0,9824.0,1.0
MTNR1B-D007319,European,993966.0,993966.0,1.0
MTNR1B-D012893,European,993966.0,993966.0,1.0
MTNR1B-D020178,European,2126633.0,2126633.0,1.0
MTNR1B-D058496,European,1132667.0,1132667.0,1.0
MTTP-D006949,East Asian,111667.0,1732715.0,0.0644462591943857
MTTP-D006949,European,1621048.0,1732715.0,0.9355537408056143
MTTP-D009765,European,219872.0,219872.0,1.0
MUC1-D005770,East Asian,647888.0,1536732.0,0.4216011640286009
MUC1-D005770,European,888844.0,1536732.0,0.5783988359713991
MUC1-D013274,East Asian,647888.0,1536732.0,0.4216011640286009
MUC1-D013274,European,888844.0,1536732.0,0.5783988359713991
MUC1-D015179,East Asian,647888.0,1536732.0,0.4216011640286009
MUC1-D015179,European,888844.0,1536732.0,0.5783988359713991
MYC-D001943,East Asian,84874.0,787756.0,0.10774148340349042
MYC-D001943,European,691240.0,787756.0,0.8774798287794698
MYC-D001943,Other Asian,11642.0,787756.0,0.014778687817039794
MYC-D008223,East Asian,177677.0,668480.0,0.2657925442795596
MYC-D008223,European,490803.0,668480.0,0.7342074557204404
NFE2L2-D007676,African,6016.0,793391.0,0.00758264210206569
NFE2L2-D007676,European,780036.0,793391.0,0.9831671899479576
NFE2L2-D007676,South Asian,7339.0,793391.0,0.009250167949976745
NFE2L2-D051437,African,6016.0,793391.0,0.00758264210206569
NFE2L2-D051437,European,780036.0,793391.0,0.9831671899479576
NFE2L2-D051437,South Asian,7339.0,793391.0,0.009250167949976745
NFKB1-D003093,East Asian,4853.0,149711.0,0.03241578775106706
NFKB1-D003093,European,141890.0,149711.0,0.9477593496803842
NFKB1-D003093,Middle Eastern,739.0,149711.0,0.0049361770344196485
NFKB1-D003093,South Asian,2229.0,149711.0,0.014888685534129089
NFKB1-D003424,East Asian,4853.0,149711.0,0.03241578775106706
NFKB1-D003424,European,141890.0,149711.0,0.9477593496803842
NFKB1-D003424,Middle Eastern,739.0,149711.0,0.0049361770344196485
NFKB1-D003424,South Asian,2229.0,149711.0,0.014888685534129089
NFKB1-D003876,European,459000.0,459000.0,1.0
NFKB1-D005923,East Asian,7617.0,15596.0,0.488394460117979
NFKB1-D005923,European,7979.0,15596.0,0.5116055398820211
NFKB1-D008181,East Asian,7617.0,15596.0,0.488394460117979
NFKB1-D008181,European,7979.0,15596.0,0.5116055398820211
NOS2-D015212,East Asian,6543.0,96486.0,0.06781294695603507
NOS2-D015212,European,86640.0,96486.0,0.8979541073316336
NOS2-D015212,Middle Eastern,890.0,96486.0,0.009224136144103808
NOS2-D015212,South Asian,2413.0,96486.0,0.025008809568227514
NOTCH2-D001943,European,197755.0,197755.0,1.0
NOTCH4-D015179,East Asian,142778.0,268256.0,0.5322453179052845
NOTCH4-D015179,European,125478.0,268256.0,0.4677546820947155
NOX4-D003928,European,4666.0,4666.0,1.0
NPY-D009765,European,2615206.0,2615206.0,1.0
NR1H4-D006937,African,2958.0,765749.0,0.00386288457444933
NR1H4-D006937,East Asian,145732.0,765749.0,0.19031301379433732
NR1H4-D006937,European,608825.0,765749.0,0.7950712309124791
NR1H4-D006937,Hispanic/Latin American,7795.0,765749.0,0.01017957581400694
NR1H4-D006937,South Asian,439.0,765749.0,0.0005732949047272671
NR1H4-D006949,African,2958.0,765749.0,0.00386288457444933
NR1H4-D006949,East Asian,145732.0,765749.0,0.19031301379433732
NR1H4-D006949,European,608825.0,765749.0,0.7950712309124791
NR1H4-D006949,Hispanic/Latin American,7795.0,765749.0,0.01017957581400694
NR1H4-D006949,South Asian,439.0,765749.0,0.0005732949047272671
NR1H4-D007249,European,855581.0,855581.0,1.0
NR1H4-D008107,African,6015.0,1546107.0,0.0038904163812724475
NR1H4-D008107,European,1532756.0,1546107.0,0.9913647632408366
NR1H4-D008107,South Asian,7336.0,1546107.0,0.004744820377891051
NR1H4-D015228,African,2958.0,765749.0,0.00386288457444933
NR1H4-D015228,East Asian,145732.0,765749.0,0.19031301379433732
NR1H4-D015228,European,608825.0,765749.0,0.7950712309124791
NR1H4-D015228,Hispanic/Latin American,7795.0,765749.0,0.01017957581400694
NR1H4-D015228,South Asian,439.0,765749.0,0.0005732949047272671
NR3C1-D001249,European,2285900.0,2285900.0,1.0
NR3C1-D009765,European,186825.0,186825.0,1.0
NR3C1-D029424,European,2285900.0,2285900.0,1.0
NR3C1-D065631,European,2285900.0,2285900.0,1.0
OPRM1-D009293,African,32088.0,476650.0,0.06731983635791461
OPRM1-D009293,European,444562.0,476650.0,0.9326801636420854
OPRM1-D009765,East Asian,165419.0,2705947.0,0.0611316481808402
OPRM1-D009765,European,2540528.0,2705947.0,0.9388683518191598
OPRM1-D019966,African,32088.0,476650.0,0.06731983635791461
OPRM1-D019966,European,444562.0,476650.0,0.9326801636420854
P2RX7-D007249,European,436939.0,436939.0,1.0
P2RY2-D001249,European,370000.0,370000.0,1.0
PARP1-D008545,European,411948.0,411948.0,1.0
PDE10A-D001714,European,2034.0,2034.0,1.0
PDE3A-D001249,European,1141950.0,1141950.0,1.0
PDE3A-D015228,African,2958.0,2642738.0,0.0011192937022133863
PDE3A-D015228,East Asian,111667.0,2642738.0,0.042254283247147466
PDE3A-D015228,European,2519879.0,2642738.0,0.9535107150235854
PDE3A-D015228,Hispanic/Latin American,7795.0,2642738.0,0.002949592430274965
PDE3A-D015228,South Asian,439.0,2642738.0,0.00016611559677879532
PDE3A-D020521,East Asian,174686.0,658807.0,0.2651550454078357
PDE3A-D020521,European,484121.0,658807.0,0.7348449545921644
PDE3A-D029424,European,1141950.0,1141950.0,1.0
PDE4A-D001850,East Asian,3117.0,25764.0,0.12098276665114113
PDE4A-D001850,European,22647.0,25764.0,0.8790172333488588
PDE4A-D013167,East Asian,3117.0,25764.0,0.12098276665114113
PDE4A-D013167,European,22647.0,25764.0,0.8790172333488588
PDE4A-D015228,European,437878.0,437878.0,1.0
PDE4A-D015535,East Asian,3117.0,25764.0,0.12098276665114113
PDE4A-D015535,European,22647.0,25764.0,0.8790172333488588
PDE4B-D001249,European,304152.0,304152.0,1.0
PDE4B-D003093,European,48950.0,48950.0,1.0
PDE4B-D003424,European,48950.0,48950.0,1.0
PDE4B-D015212,European,48950.0,48950.0,1.0
PDE4B-D015228,African,6014.0,1147559.0,0.005240689149751778
PDE4B-D015228,European,1134209.0,1147559.0,0.9883666112156325
PDE4B-D015228,South Asian,7336.0,1147559.0,0.006392699634615737
PDE4B-D029424,European,304152.0,304152.0,1.0
PDE4C-D015228,African,6014.0,2130855.0,0.002822341266768504
PDE4C-D015228,East Asian,208674.0,2130855.0,0.09792970427363663
PDE4C-D015228,European,1908831.0,2130855.0,0.8958052049529415
PDE4C-D015228,South Asian,7336.0,2130855.0,0.0034427495066534325
PDGFRA-D008269,European,68423.0,68423.0,1.0
PGR-D008593,East Asian,43861.0,406299.0,0.1079525177270926
PGR-D008593,European,362438.0,406299.0,0.8920474822729074
PIK3C2B-D009369,European,475312.0,475312.0,1.0
PIK3CA-D013922,European,1398315.0,1398315.0,1.0
PIK3CD-D013922,European,408112.0,408112.0,1.0
PKLR-D000740,European,1826149.0,1826149.0,1.0
PPARA-D006937,European,1067125.0,1067125.0,1.0
PPARA-D006938,European,1067125.0,1067125.0,1.0
PPARA-D006949,European,1067125.0,1067125.0,1.0
PPARA-D009765,East Asian,330838.0,910826.0,0.36322854200472976
PPARA-D009765,European,579988.0,910826.0,0.6367714579952702
PPARA-D015228,European,1067125.0,1067125.0,1.0
PPARA-D050171,European,1067125.0,1067125.0,1.0
PPARD-D009765,European,406697.0,406697.0,1.0
PPARG-D006073,East Asian,129405.0,1683304.0,0.07687559704010684
PPARG-D006073,European,1553899.0,1683304.0,0.9231244029598932
PPARG-D024821,African,12738.0,48118.0,0.2647242196267509
PPARG-D024821,European,35380.0,48118.0,0.7352757803732491
PRKCB-D001172,East Asian,253008.0,311292.0,0.8127674337920666
PRKCB-D001172,European,58284.0,311292.0,0.18723256620793338
PRKCB-D008180,East Asian,208370.0,208370.0,1.0
PSCA-D013274,East Asian,441123.0,917239.0,0.4809248189403198
PSCA-D013274,European,476116.0,917239.0,0.5190751810596802
PSCA-D014523,European,524157.0,524157.0,1.0
PTGER4-D004938,African,6597.0,893975.0,0.00737940098996057
PTGER4-D004938,East Asian,189321.0,893975.0,0.21177437847814537
PTGER4-D004938,European,692116.0,893975.0,0.7742006208227299
PTGER4-D004938,Hispanic/Latin American,5941.0,893975.0,0.006645599709164126
PTGER4-D013274,African,6597.0,1435060.0,0.004597020333644586
PTGER4-D013274,East Asian,730406.0,1435060.0,0.5089724471450671
PTGER4-D013274,European,692116.0,1435060.0,0.48229063593159865
PTGER4-D013274,Hispanic/Latin American,5941.0,1435060.0,0.004139896589689629
PTGER4-D015179,African,6597.0,1435060.0,0.004597020333644586
PTGER4-D015179,East Asian,730406.0,1435060.0,0.5089724471450671
PTGER4-D015179,European,692116.0,1435060.0,0.48229063593159865
PTGER4-D015179,Hispanic/Latin American,5941.0,1435060.0,0.004139896589689629
PTGS2-D001172,East Asian,253008.0,311292.0,0.8127674337920666
PTGS2-D001172,European,58284.0,311292.0,0.18723256620793338
PTPN1-D005901,European,1022814.0,1022814.0,1.0
PTPN1-D015179,East Asian,167691.0,730660.0,0.22950619987408644
PTPN1-D015179,European,562969.0,730660.0,0.7704938001259135
QPCT-D000544,European,467623.0,467623.0,1.0
RARG-D029424,European,743898.0,743898.0,1.0
REN-D006973,European,422000.0,422000.0,1.0
RHD-D016553,European,953315.0,953315.0,1.0
RLBP1-D012174,European,31764.0,31764.0,1.0
ROS1-D002289,East Asian,192792.0,192792.0,1.0
ROS1-D055752,East Asian,192792.0,192792.0,1.0
S1PR4-D057765,European,1494899.0,1494899.0,1.0
S1PR5-D011565,European,33394.0,33394.0,1.0
SCN1A-D004828,African,2670.0,39348.0,0.06785605367490088
SCN1A-D004828,East Asian,3365.0,39348.0,0.08551895903222527
SCN1A-D004828,European,33313.0,39348.0,0.8466249872928738
SCN2A-D001714,East Asian,6472.0,670530.0,0.00965206627593098
SCN2A-D001714,European,664058.0,670530.0,0.990347933724069
SCN3A-D001714,East Asian,6472.0,670530.0,0.00965206627593098
SCN3A-D001714,European,664058.0,670530.0,0.990347933724069
SCN5A-D001281,African,8967.0,2208467.0,0.004060282539879473
SCN5A-D001281,East Asian,196482.0,2208467.0,0.08896759607456213
SCN5A-D001281,European,1997996.0,2208467.0,0.9046981458178909
SCN5A-D001281,Hispanic/Latin American,5022.0,2208467.0,0.002273975567667527
SELE-D003920,East Asian,4525.0,4525.0,1.0
SLC10A2-D006937,European,398508.0,398508.0,1.0
SLC10A2-D006949,European,398508.0,398508.0,1.0
SLC12A1-D007676,European,437580.0,437580.0,1.0
SLC40A1-D006432,European,463399.0,463399.0,1.0
SLC5A1-D003920,African,4847.0,1192071.0,0.004066032979579236
SLC5A1-D003920,East Asian,71221.0,1192071.0,0.059745602401199256
SLC5A1-D003920,European,1109108.0,1192071.0,0.9304043131659104
SLC5A1-D003920,South Asian,6895.0,1192071.0,0.005784051453311087
SLC5A1-D003924,European,2012588.0,2012588.0,1.0
SLC6A4-D009765,European,915822.0,915822.0,1.0
SLC7A11-D001008,European,2422791.0,2422791.0,1.0
SLC7A11-D003863,European,1295946.0,1295946.0,1.0
SLC7A11-D009771,European,2422791.0,2422791.0,1.0
SLC9A3-D007676,European,437660.0,437660.0,1.0
SOD1-D007249,European,855581.0,855581.0,1.0
SRD5A2-D000505,European,52874.0,52874.0,1.0
SREBF1-D003920,East Asian,71221.0,853152.0,0.08347984884287911
SREBF1-D003920,European,781931.0,853152.0,0.9165201511571209
SREBF1-D009765,East Asian,173430.0,495584.0,0.3499507651578743
SREBF1-D009765,European,322154.0,495584.0,0.6500492348421256
STAT3-D011565,European,305801.0,305801.0,1.0
STAT6-D015179,European,92967.0,92967.0,1.0
SYK-D016553,European,1435508.0,1435508.0,1.0
TACR3-D004700,European,1550249.0,1550249.0,1.0
TBXAS1-D007249,European,436939.0,436939.0,1.0
TGFB1-D005923,East Asian,175359.0,653143.0,0.26848484941276257
TGFB1-D005923,European,477784.0,653143.0,0.7315151505872374
TGFB1-D015179,East Asian,100603.0,135849.0,0.7405501696736818
TGFB1-D015179,European,35246.0,135849.0,0.2594498303263182
TGFB2-D005901,African,757.0,457059.0,0.0016562413167665443
TGFB2-D005901,East Asian,9623.0,457059.0,0.021054174625157802
TGFB2-D005901,European,445312.0,457059.0,0.974298722921986
TGFB2-D005901,Hispanic/Latin American,1367.0,457059.0,0.0029908611360896513
THRB-D006937,African,8972.0,1853342.0,0.004840984556547038
THRB-D006937,East Asian,111667.0,1853342.0,0.06025169666472783
THRB-D006937,European,1717139.0,1853342.0,0.9265095163224056
THRB-D006937,Hispanic/Latin American,7795.0,1853342.0,0.004205915583847989
THRB-D006937,South Asian,7769.0,1853342.0,0.004191886872471459
THRB-D006938,African,8972.0,1853342.0,0.004840984556547038
THRB-D006938,East Asian,111667.0,1853342.0,0.06025169666472783
THRB-D006938,European,1717139.0,1853342.0,0.9265095163224056
THRB-D006938,Hispanic/Latin American,7795.0,1853342.0,0.004205915583847989
THRB-D006938,South Asian,7769.0,1853342.0,0.004191886872471459
TNFRSF13B-D009101,European,868479.0,868479.0,1.0
TNFRSF1A-D007249,European,855581.0,855581.0,1.0
TNFRSF1A-D008103,European,11375.0,11375.0,1.0
TNFRSF1A-D013167,East Asian,3117.0,25764.0,0.12098276665114113
TNFRSF1A-D013167,European,22647.0,25764.0,0.8790172333488588
TNFRSF1A-D015179,East Asian,100603.0,135849.0,0.7405501696736818
TNFRSF1A-D015179,European,35246.0,135849.0,0.2594498303263182
TNFRSF1A-D015535,East Asian,3117.0,25764.0,0.12098276665114113
TNFRSF1A-D015535,European,22647.0,25764.0,0.8790172333488588
TNFRSF1A-D018805,European,855581.0,855581.0,1.0
TNFSF13-D005922,East Asian,11871.0,11871.0,1.0
TNFSF15-D001249,East Asian,1881.0,305740.0,0.006152286256296199
TNFSF15-D001249,European,303859.0,305740.0,0.9938477137437038
TNFSF4-D003876,European,1656110.0,1656110.0,1.0
TP53-D003920,African,4847.0,776668.0,0.0062407618184346465
TP53-D003920,European,764926.0,776668.0,0.9848815710187622
TP53-D003920,South Asian,6895.0,776668.0,0.008877667162803153
TP53-D008545,European,411948.0,411948.0,1.0
TP53-D011471,European,140254.0,140254.0,1.0
TP53-D014565,European,140254.0,140254.0,1.0
TSHR-D006980,East Asian,747495.0,1678263.0,0.4453980097279151
TSHR-D006980,European,930768.0,1678263.0,0.5546019902720849
TSHR-D007037,East Asian,173770.0,583911.0,0.2975967227882331
TSHR-D007037,European,410141.0,583911.0,0.7024032772117669
TSLP-D003876,East Asian,113101.0,674554.0,0.16766782199794233
TSLP-D003876,European,561453.0,674554.0,0.8323321780020576
TSLP-D009298,East Asian,152006.0,1321112.0,0.11505913200394818
TSLP-D009298,European,1169106.0,1321112.0,0.8849408679960518
TSLP-D012852,East Asian,156843.0,609338.0,0.2573990133554776
TSLP-D012852,European,452495.0,609338.0,0.7426009866445225
TTK-D001943,East Asian,84874.0,554418.0,0.15308666024551873
TTK-D001943,European,457902.0,554418.0,0.8259147430278238
TTK-D001943,Other Asian,11642.0,554418.0,0.020998596726657503
TYK2-D001172,African,2308.0,1252759.0,0.0018423336012752653
TYK2-D001172,East Asian,499215.0,1252759.0,0.39849244746994433
TYK2-D001172,European,751236.0,1252759.0,0.5996652189287804
TYK2-D001249,European,371898.0,371898.0,1.0
TYK2-D001327,European,518467.0,518467.0,1.0
TYK2-D007249,European,5284.0,5284.0,1.0
TYK2-D008180,African,5422.0,119159.0,0.04550222811537526
TYK2-D008180,East Asian,13174.0,119159.0,0.11055816178383504
TYK2-D008180,European,96675.0,119159.0,0.8113109374868873
TYK2-D008180,Hispanic/Latin American,3888.0,119159.0,0.03262867261390243
TYK2-D008181,African,5422.0,119159.0,0.04550222811537526
TYK2-D008181,East Asian,13174.0,119159.0,0.11055816178383504
TYK2-D008181,European,96675.0,119159.0,0.8113109374868873
TYK2-D008181,Hispanic/Latin American,3888.0,119159.0,0.03262867261390243
TYK2-D012859,African,2308.0,1252759.0,0.0018423336012752653
TYK2-D012859,East Asian,499215.0,1252759.0,0.39849244746994433
TYK2-D012859,European,751236.0,1252759.0,0.5996652189287804
TYR-D008545,European,1431199.0,1431199.0,1.0
TYRP1-D008545,European,411948.0,411948.0,1.0
VEGFA-D008269,East Asian,5158.0,247045.0,0.020878787265477948
VEGFA-D008269,European,241658.0,247045.0,0.9781942561071869
VEGFA-D008269,South Asian,229.0,247045.0,0.0009269566273351009
VEGFA-D009216,European,542934.0,542934.0,1.0
VEGFA-D011471,African,22939.0,421625.0,0.05440616661725467
VEGFA-D011471,East Asian,29938.0,421625.0,0.07100622591165134
VEGFA-D011471,European,358079.0,421625.0,0.8492831307441446
VEGFA-D011471,Hispanic/Latin American,10669.0,421625.0,0.025304476726949302
VEGFA-D012174,East Asian,5158.0,247045.0,0.020878787265477948
VEGFA-D012174,European,241658.0,247045.0,0.9781942561071869
VEGFA-D012174,South Asian,229.0,247045.0,0.0009269566273351009
VEGFA-D014565,African,22939.0,421625.0,0.05440616661725467
VEGFA-D014565,East Asian,29938.0,421625.0,0.07100622591165134
VEGFA-D014565,European,358079.0,421625.0,0.8492831307441446
VEGFA-D014565,Hispanic/Latin American,10669.0,421625.0,0.025304476726949302
WT1-D010051,European,121885.0,121885.0,1.0
