margin_or_per_sd,lower_or_bound,upper_or_bound,beta_per_sd,se_per_sd,or_per_sd,ci90_or_low,ci90_or_high,p_lower,p_upper,p_tost,passes_alpha_0_05,exposure,model_id,n,n_A,n_B,exposure_sd,margin_role,formal_claim_allowed
1.2,0.8333333333333334,1.2,0.22815273393594845,0.10853218150533056,1.256277186939493,1.050885541456317,1.5018118607260427,7.777061190838985e-05,0.66359037049442,0.66359037049442,False,n_ancestries_all,M1,790,157,633,1.9274719610480286,descriptive_reference,False
1.25,0.8,1.25,0.22815273393594845,0.10853218150533056,1.256277186939493,1.050885541456317,1.5018118607260427,1.603970016794687e-05,0.5184062040716616,0.5184062040716616,False,n_ancestries_all,M1,790,157,633,1.9274719610480286,descriptive_reference,False
1.2,0.8333333333333334,1.2,0.04867374920147858,0.14838891727304,1.0498777713984062,0.822502053594348,1.3401101311050374,0.05977224220769595,0.18388483836972885,0.18388483836972885,False,n_ancestries_all,M2,790,157,633,1.9274719610480286,descriptive_reference,False
1.25,0.8,1.25,0.04867374920147858,0.14838891727304,1.0498777713984062,0.822502053594348,1.3401101311050374,0.0334913740416648,0.11984533172028217,0.11984533172028217,False,n_ancestries_all,M2,790,157,633,1.9274719610480286,descriptive_reference,False
1.2,0.8333333333333334,1.2,0.050742546326052025,0.14847431380160794,1.0520520037603962,0.824089641105975,1.3430740582187861,0.058239346758794164,0.1877529339885698,0.1877529339885698,False,n_ancestries_all,M3,790,157,633,1.9274719610480286,descriptive_reference,False
1.25,0.8,1.25,0.050742546326052025,0.14847431380160794,1.0520520037603962,0.824089641105975,1.3430740582187861,0.032542785975576916,0.12279037606863918,0.12279037606863918,False,n_ancestries_all,M3,790,157,633,1.9274719610480286,descriptive_reference,False
1.2,0.8333333333333334,1.2,0.0412235062792914,0.1620670958541446,1.0420849920579913,0.7982342772172564,1.360429089136875,0.08389551167464226,0.19198219186699156,0.19198219186699156,False,n_ancestries_all,M4,790,157,633,1.9274719610480286,descriptive_reference,False
1.25,0.8,1.25,0.0412235062792914,0.1620670958541446,1.0420849920579913,0.7982342772172564,1.360429089136875,0.05142197318340891,0.13082530783134283,0.13082530783134283,False,n_ancestries_all,M4,790,157,633,1.9274719610480286,descriptive_reference,False
1.2,0.8333333333333334,1.2,0.30318886476108864,0.10100658295587552,1.3541701953226652,1.1468829916585288,1.5989224107756335,7.671309194545728e-07,0.8842742141279959,0.8842742141279959,False,n_ancestries_initial,M1,790,157,633,1.8763564718891663,descriptive_reference,False
1.25,0.8,1.25,0.30318886476108864,0.10100658295587552,1.3541701953226652,1.1468829916585288,1.5989224107756335,9.397734379579248e-08,0.7859584692802193,0.7859584692802193,False,n_ancestries_initial,M1,790,157,633,1.8763564718891663,descriptive_reference,False
1.2,0.8333333333333334,1.2,0.2104324560448911,0.1377279173596353,1.2342116868679964,0.9840192605846317,1.5480169433843451,0.0021745388860484605,0.580864113810318,0.580864113810318,False,n_ancestries_initial,M2,790,157,633,1.8763564718891663,descriptive_reference,False
1.25,0.8,1.25,0.2104324560448911,0.1377279173596353,1.2342116868679964,0.9840192605846317,1.5480169433843451,0.000821784464066555,0.4632332808209547,0.4632332808209547,False,n_ancestries_initial,M2,790,157,633,1.8763564718891663,descriptive_reference,False
1.2,0.8333333333333334,1.2,0.2015960890074065,0.13952442957025726,1.2233537822659633,0.9724844678110819,1.538939207896091,0.0029651011027205243,0.5549368905214809,0.5549368905214809,False,n_ancestries_initial,M3,790,157,633,1.8763564718891663,descriptive_reference,False
1.25,0.8,1.25,0.2015960890074065,0.13952442957025726,1.2233537822659633,0.9724844678110819,1.538939207896091,0.0011665173863599776,0.43863335948161425,0.43863335948161425,False,n_ancestries_initial,M3,790,157,633,1.8763564718891663,descriptive_reference,False
1.2,0.8333333333333334,1.2,0.1078151460947307,0.15815406819674765,1.1138418283429476,0.8587090290271234,1.4447776564920376,0.03328846696548071,0.3187845967069349,0.3187845967069349,False,n_ancestries_initial,M4,790,157,633,1.8763564718891663,descriptive_reference,False
1.25,0.8,1.25,0.1078151460947307,0.15815406819674765,1.1138418283429476,0.8587090290271234,1.4447776564920376,0.018190886458050337,0.23293491152776274,0.23293491152776274,False,n_ancestries_initial,M4,790,157,633,1.8763564718891663,descriptive_reference,False
1.2,0.8333333333333334,1.2,0.07550004443181625,0.10399994229174943,1.0784232756343552,0.9088596130241053,1.2796220062636745,0.0065865452659378265,0.15217951012235992,0.15217951012235992,False,n_ancestries_replication,M1,790,157,633,1.5111363517004532,descriptive_reference,False
1.25,0.8,1.25,0.07550004443181625,0.10399994229174943,1.0784232756343552,0.9088596130241053,1.2796220062636745,0.002042161648374341,0.077854816306417,0.077854816306417,False,n_ancestries_replication,M1,790,157,633,1.5111363517004532,descriptive_reference,False
1.2,0.8333333333333334,1.2,-0.2174790653259857,0.13748125691783666,0.8045444476192699,0.6417120414983126,1.0086950631059621,0.6009187256291659,0.0018185248133963303,0.6009187256291659,False,n_ancestries_replication,M2,790,157,633,1.5111363517004532,descriptive_reference,False
1.25,0.8,1.25,-0.2174790653259857,0.13748125691783666,0.8045444476192699,0.6417120414983126,1.0086950631059621,0.48356747822024204,0.0006753945240691234,0.48356747822024204,False,n_ancestries_replication,M2,790,157,633,1.5111363517004532,descriptive_reference,False
1.2,0.8333333333333334,1.2,-0.21711713164971277,0.17601852836230097,0.8048356920513264,0.6025155249261003,1.0750934447360285,0.5783527967205251,0.011625071541875377,0.5783527967205251,False,n_ancestries_replication,M3,790,157,633,1.5111363517004532,descriptive_reference,False
1.25,0.8,1.25,-0.21711713164971277,0.17601852836230097,0.8048356920513264,0.6025155249261003,1.0750934447360285,0.48634391499017193,0.0061883511630338945,0.48634391499017193,False,n_ancestries_replication,M3,790,157,633,1.5111363517004532,descriptive_reference,False
1.2,0.8333333333333334,1.2,0.02612406702435617,0.19868170201216495,1.0264682914402623,0.7403159302383553,1.4232263690355247,0.14705603018565694,0.21588410270541547,0.21588410270541547,False,n_ancestries_replication,M4,790,157,633,1.5111363517004532,descriptive_reference,False
1.25,0.8,1.25,0.02612406702435617,0.19868170201216495,1.0264682914402623,0.7403159302383553,1.4232263690355247,0.10481058043964431,0.16068810590611038,0.16068810590611038,False,n_ancestries_replication,M4,790,157,633,1.5111363517004532,descriptive_reference,False
1.2,0.8333333333333334,1.2,0.16936873233102478,0.10629592678735868,1.1845568428114814,0.994542438520528,1.4108748500856882,0.0004688249906256159,0.45150642704443594,0.45150642704443594,False,has_replication,M1,790,157,633,0.4996750159139572,descriptive_reference,False
1.25,0.8,1.25,0.16936873233102478,0.10629592678735868,1.1845568428114814,0.994542438520528,1.4108748500856882,0.00011097030785534034,0.3064643850812257,0.3064643850812257,False,has_replication,M1,790,157,633,0.4996750159139572,descriptive_reference,False
1.2,0.8333333333333334,1.2,0.021364487980912967,0.12637491166345433,1.021594342644871,0.8298554551124356,1.25763468143088,0.05350707301400093,0.10139421524004227,0.10139421524004227,False,has_replication,M2,790,157,633,0.4996750159139572,descriptive_reference,False
1.25,0.8,1.25,0.021364487980912967,0.12637491166345433,1.021594342644871,0.8298554551124356,1.25763468143088,0.02650846087075276,0.055169613903918335,0.055169613903918335,False,has_replication,M2,790,157,633,0.4996750159139572,descriptive_reference,False
1.2,0.8333333333333334,1.2,0.0903502543691308,0.16232053629932758,1.094557590152129,0.8380787002824605,1.4295272242998789,0.04649465586948187,0.2854919689934579,0.2854919689934579,False,has_replication,M3,790,157,633,0.4996750159139572,descriptive_reference,False
1.25,0.8,1.25,0.0903502543691308,0.16232053629932758,1.094557590152129,0.8380787002824605,1.4295272242998789,0.026721400293349795,0.20665203851436958,0.20665203851436958,False,has_replication,M3,790,157,633,0.4996750159139572,descriptive_reference,False
1.2,0.8333333333333334,1.2,0.2063697024305556,0.16393729662545997,1.229207561024656,0.9386776452409044,1.6096593284613796,0.008870611521564098,0.5583120859671347,0.5583120859671347,False,has_replication,M4,790,157,633,0.4996750159139572,descriptive_reference,False
1.25,0.8,1.25,0.2063697024305556,0.16393729662545997,1.229207561024656,0.9386776452409044,1.6096593284613796,0.00439668207626609,0.45925186167378323,0.45925186167378323,False,has_replication,M4,790,157,633,0.4996750159139572,descriptive_reference,False
1.2,0.8333333333333334,1.2,0.2679389561017753,0.11313329675347031,1.3072673368849486,1.0852943522632883,1.5746399919269836,3.447045896121104e-05,0.7754101758126225,0.7754101758126225,False,has_african,M1,790,157,633,0.4574339303603788,descriptive_reference,False
1.25,0.8,1.25,0.2679389561017753,0.11313329675347031,1.3072673368849486,1.0852943522632883,1.5746399919269836,7.100103343038455e-06,0.653929942540212,0.653929942540212,False,has_african,M1,790,157,633,0.4574339303603788,descriptive_reference,False
1.2,0.8333333333333334,1.2,0.16394597355480317,0.13529662316249105,1.1781506620810862,0.9430865983273313,1.4718043762088684,0.005243837911724336,0.44598297059382613,0.44598297059382613,False,has_african,M2,790,157,633,0.4574339303603788,descriptive_reference,False
1.25,0.8,1.25,0.16394597355480317,0.13529662316249105,1.1781506620810862,0.9430865983273313,1.4718043762088684,0.002111245528052419,0.33086017288153224,0.33086017288153224,False,has_african,M2,790,157,633,0.4574339303603788,descriptive_reference,False
1.2,0.8333333333333334,1.2,0.15757418108252905,0.13752477970726953,1.1706675961503434,0.9336683853389389,1.4678258814331815,0.006726933643365518,0.42859650558593787,0.42859650558593787,False,has_african,M3,790,157,633,0.4574339303603788,descriptive_reference,False
1.25,0.8,1.25,0.15757418108252905,0.13752477970726953,1.1706675961503434,0.9336683853389389,1.4678258814331815,0.002816982312309757,0.3167586027622249,0.3167586027622249,False,has_african,M3,790,157,633,0.4574339303603788,descriptive_reference,False
1.2,0.8333333333333334,1.2,0.14885685169497248,0.14783633403018293,1.1605068527293505,0.9099985448578902,1.4799761635246367,0.012539968805178492,0.41045947506960273,0.41045947506960273,False,has_african,M4,790,157,633,0.4574339303603788,descriptive_reference,False
1.25,0.8,1.25,0.14885685169497248,0.14783633403018293,1.1605068527293505,0.9099985448578902,1.4799761635246367,0.0059297280929870855,0.30766044317400654,0.30766044317400654,False,has_african,M4,790,157,633,0.4574339303603788,descriptive_reference,False
1.2,0.8333333333333334,1.2,0.1517360377073528,0.1137325620511899,1.1638529825805946,0.9652796957482855,1.403275932383199,0.001655843573742155,0.3939937334829666,0.3939937334829666,False,has_east_asian,M1,790,157,633,0.500316756446089,descriptive_reference,False
1.25,0.8,1.25,0.1517360377073528,0.1137325620511899,1.1638529825805946,0.9652796957482855,1.403275932383199,0.0004900982535128717,0.26504959327993916,0.26504959327993916,False,has_east_asian,M1,790,157,633,0.500316756446089,descriptive_reference,False
1.2,0.8333333333333334,1.2,-0.0035458172892924964,0.1285632550151191,0.99646046169726,0.8065305087165071,1.2311170389648949,0.08217847932962896,0.07412688855383548,0.08217847932962896,False,has_east_asian,M2,790,157,633,0.500316756446089,descriptive_reference,False
1.25,0.8,1.25,-0.0035458172892924964,0.1285632550151191,0.99646046169726,0.8065305087165071,1.2311170389648949,0.043809732766916576,0.03892902993182821,0.043809732766916576,True,has_east_asian,M2,790,157,633,0.500316756446089,descriptive_reference,False
1.2,0.8333333333333334,1.2,0.0019772998806343255,0.12781711910294535,1.001979256027127,0.8119933308749855,1.2364170878433542,0.07466600761055597,0.07912887972641952,0.07912887972641952,False,has_east_asian,M3,790,157,633,0.500316756446089,descriptive_reference,False
1.25,0.8,1.25,0.0019772998806343255,0.12781711910294535,1.001979256027127,0.8119933308749855,1.2364170878433542,0.039096096945098524,0.04178534792613552,0.04178534792613552,True,has_east_asian,M3,790,157,633,0.500316756446089,descriptive_reference,False
1.2,0.8333333333333334,1.2,0.050843681740020796,0.14522853649645048,1.0521584088558842,0.828584874944753,1.3360578388544195,0.05419128338774237,0.18264871436000152,0.18264871436000152,False,has_east_asian,M4,790,157,633,0.500316756446089,descriptive_reference,False
1.25,0.8,1.25,0.050843681740020796,0.14522853649645048,1.0521584088558842,0.828584874944753,1.3360578388544195,0.02960750154509606,0.11773118854173292,0.11773118854173292,False,has_east_asian,M4,790,157,633,0.500316756446089,descriptive_reference,False
1.2,0.8333333333333334,1.2,0.2106945155949658,0.10187625512092066,1.234535166210928,1.044066294432952,1.4597512483047765,5.7211029074077935e-05,0.6096873062077298,0.6096873062077298,False,has_south_asian,M1,790,157,633,0.424544182519218,descriptive_reference,False
1.25,0.8,1.25,0.2106945155949658,0.10187625512092066,1.234535166210928,1.044066294432952,1.4597512483047765,1.0291048976873718e-05,0.4513712563903004,0.4513712563903004,False,has_south_asian,M1,790,157,633,0.424544182519218,descriptive_reference,False
1.2,0.8333333333333334,1.2,0.09891591027118894,0.09942455174118049,1.1039734628265252,0.9374208754041554,1.3001176297676744,0.0023372241463130994,0.20076725759884828,0.20076725759884828,False,has_south_asian,M2,790,157,633,0.424544182519218,descriptive_reference,False
1.25,0.8,1.25,0.09891591027118894,0.09942455174118049,1.1039734628265252,0.9374208754041554,1.3001176297676744,0.0005992544593107496,0.10574725980669086,0.10574725980669086,False,has_south_asian,M2,790,157,633,0.424544182519218,descriptive_reference,False
1.2,0.8333333333333334,1.2,0.10103774853798156,0.10002900750943718,1.1063184028774589,0.9384785045524564,1.3041752183008246,0.002307319159810861,0.20822303706079598,0.20822303706079598,False,has_south_asian,M3,790,157,633,0.424544182519218,descriptive_reference,False
1.25,0.8,1.25,0.10103774853798156,0.10002900750943718,1.1063184028774589,0.9384785045524564,1.3041752183008246,0.0005958215059772565,0.11109906924950491,0.11109906924950491,False,has_south_asian,M3,790,157,633,0.424544182519218,descriptive_reference,False
1.2,0.8333333333333334,1.2,0.03661362201812017,0.12804325744435285,1.037292156550509,0.8402979107244232,1.2804685151645858,0.04364650737703746,0.12756887063992778,0.12756887063992778,False,has_south_asian,M4,790,157,633,0.424544182519218,descriptive_reference,False
1.25,0.8,1.25,0.03661362201812017,0.12804325744435285,1.037292156550509,0.8402979107244232,1.2804685151645858,0.021246092760719093,0.07258955903747177,0.07258955903747177,False,has_south_asian,M4,790,157,633,0.424544182519218,descriptive_reference,False
