exposure,model_id,contrast,n,n_A,n_B,exposure_sd,low_value,high_value,predicted_approval_low,predicted_approval_high,approval_probability_difference,difference_standard_error,difference_ci_low,difference_ci_high
n_ancestries_all,M1,p10_to_p90,790,157,633,1.9274719610480286,1.0,5.0,0.1700512881960394,0.24753765885752088,0.07748637066148148,0.03735256816965958,0.004276682318871489,0.15069605900409147
n_ancestries_all,M1,observed_min_to_max,790,157,633,1.9274719610480286,0.0,9.0,0.15399140654767013,0.34562807194171763,0.1916366653940475,0.09926044799463538,-0.0029102377647488575,0.38618356855284386
n_ancestries_all,M1,one_sd_from_mean,790,157,633,1.9274719610480286,2.482278481012658,4.409750442060687,0.19626431835165237,0.23475467908352024,0.03849036073186787,0.01908248691366001,0.0010893736456373607,0.07589134781809839
n_ancestries_all,M2,p10_to_p90,790,157,633,1.9274719610480286,1.0,5.0,0.1920198770498135,0.20798986036899234,0.015969983319178843,0.04887704261677984,-0.079827259880539,0.11176722651889669
n_ancestries_all,M2,observed_min_to_max,790,157,633,1.9274719610480286,0.0,9.0,0.18817519287358045,0.22490826714062545,0.036733074267045,0.11487211156178596,-0.18841212722212264,0.26187827575621264
n_ancestries_all,M2,one_sd_from_mean,790,157,633,1.9274719610480286,2.482278481012658,4.409750442060687,0.19782737789356897,0.20557366058891743,0.0077462826953484665,0.023863417786679768,-0.03902515671457641,0.05451772210527334
n_ancestries_all,M3,p10_to_p90,790,157,633,1.9274719610480286,1.0,5.0,0.19174637785572968,0.2083837273620235,0.016637349506293836,0.04888012924556707,-0.07916594337468062,0.1124406423872683
n_ancestries_all,M3,observed_min_to_max,790,157,633,1.9274719610480286,0.0,9.0,0.18774724957156938,0.22604892715449784,0.03830167758292846,0.11507532799463224,-0.18724182079568458,0.2638451759615415
n_ancestries_all,M3,one_sd_from_mean,790,157,633,1.9274719610480286,2.482278481012658,4.409750442060687,0.197791912975967,0.20586404615936488,0.00807213318339789,0.023877490385302798,-0.038726888012997014,0.05487115437979279
n_ancestries_all,M4,p10_to_p90,790,157,633,1.9274719610480286,1.0,5.0,0.19338595843053968,0.20605599174954398,0.012670033319004292,0.049983443191627334,-0.08529571515988905,0.11063578179789764
n_ancestries_all,M4,observed_min_to_max,790,157,633,1.9274719610480286,0.0,9.0,0.19030637778157755,0.21928659655792831,0.028980218776350763,0.11617901826251907,-0.19872647277740782,0.2566869103301094
n_ancestries_all,M4,one_sd_from_mean,790,157,633,1.9274719610480286,2.482278481012658,4.409750442060687,0.19801549680221853,0.20415102358395154,0.006135526781733014,0.024323954493011418,-0.04153854798616059,0.05380960154962662
n_ancestries_initial,M1,p10_to_p90,790,157,633,1.8763564718891663,1.0,5.0,0.1641567360653253,0.2726370617106726,0.10848032564534729,0.037321558317126545,0.035331415496867954,0.18162923579382662
n_ancestries_initial,M1,observed_min_to_max,790,157,633,1.8763564718891663,0.0,9.0,0.1431704335662825,0.4170369946099034,0.2738665610436209,0.10027922266488035,0.07732289622278271,0.4704102258644591
n_ancestries_initial,M1,one_sd_from_mean,790,157,633,1.8763564718891663,2.2759493670886077,4.1523058389777745,0.19443489504452244,0.24633458991018026,0.05189969486565782,0.018181167830471377,0.01626526072105569,0.08753412901025995
n_ancestries_initial,M2,p10_to_p90,790,157,633,1.8763564718891663,1.0,5.0,0.17346223339492128,0.24708271119929115,0.07362047780436987,0.04949436486908542,-0.02338669477672206,0.1706276503854618
n_ancestries_initial,M2,observed_min_to_max,790,157,633,1.8763564718891663,0.0,9.0,0.1580104020266896,0.3390527256710286,0.18104232364433903,0.13041377419076017,-0.07456397685749011,0.4366486241461682
n_ancestries_initial,M2,one_sd_from_mean,790,157,633,1.8763564718891663,2.2759493670886077,4.1523058389777745,0.19487467775480272,0.22988814152993012,0.0350134637751274,0.02384873248501296,-0.011729192972428429,0.08175612052268323
n_ancestries_initial,M3,p10_to_p90,790,157,633,1.8763564718891663,1.0,5.0,0.17439504284341562,0.2447312833877702,0.07033624054435458,0.04990810770713569,-0.02748185309817726,0.1681543341868864
n_ancestries_initial,M3,observed_min_to_max,790,157,633,1.8763564718891663,0.0,9.0,0.15951629625980893,0.33193664830239983,0.1724203520425909,0.13097473136188986,-0.08428540431152196,0.42912610839670373
n_ancestries_initial,M3,one_sd_from_mean,790,157,633,1.8763564718891663,2.2759493670886077,4.1523058389777745,0.19493488722294297,0.22836706500796974,0.03343217778502677,0.024022359770549697,-0.01365078218891451,0.08051513775896806
n_ancestries_initial,M4,p10_to_p90,790,157,633,1.8763564718891663,1.0,5.0,0.18570023685620168,0.22026081531434177,0.03456057845814009,0.05143953040921395,-0.06625904852557217,0.13538020544185236
n_ancestries_initial,M4,observed_min_to_max,790,157,633,1.8763564718891663,0.0,9.0,0.17770409254599626,0.25887767986042376,0.0811735873144275,0.12566528946022787,-0.16512585413441996,0.327473028763275
n_ancestries_initial,M4,one_sd_from_mean,790,157,633,1.8763564718891663,2.2759493670886077,4.1523058389777745,0.19627719704962696,0.21259337057181094,0.01631617352218398,0.0244386576058374,-0.03158271521576319,0.06421506226013116
n_ancestries_replication,M1,p10_to_p90,790,157,633,1.5111363517004532,0.0,4.0,0.19013554763992063,0.22282480888341277,0.03268926124349214,0.046211917925314316,-0.05788443354664485,0.12326295603362913
n_ancestries_replication,M1,observed_min_to_max,790,157,633,1.5111363517004532,0.0,7.0,0.19013554763992063,0.24985371016913177,0.05971816252921114,0.08773905080232607,-0.11224721708107807,0.23168354213950035
n_ancestries_replication,M1,one_sd_from_mean,790,157,633,1.5111363517004532,1.0645569620253164,2.5756933137257696,0.19846087445264998,0.21074480432328713,0.012283929870637145,0.01727790370583391,-0.02158013912114845,0.04614799886242274
n_ancestries_replication,M2,p10_to_p90,790,157,633,1.5111363517004532,0.0,4.0,0.22694422714426,0.14409152615835727,-0.08285270098590272,0.048270763488430866,-0.17746165892947824,0.011756256957672795
n_ancestries_replication,M2,observed_min_to_max,790,157,633,1.5111363517004532,0.0,7.0,0.22694422714426,0.09955473728704237,-0.12738948985721762,0.06423118321389272,-0.25328029564084104,-0.0014986840735942142
n_ancestries_replication,M2,one_sd_from_mean,790,157,633,1.5111363517004532,1.0645569620253164,2.5756933137257696,0.20211052167237703,0.1703525662962806,-0.031757955376096436,0.018767428838800067,-0.06854143998256293,0.005025529230370064
n_ancestries_replication,M3,p10_to_p90,790,157,633,1.5111363517004532,0.0,4.0,0.22689271262616287,0.14416678095204088,-0.08272593167412198,0.061396120395927185,-0.20306011644062433,0.03760825309238035
n_ancestries_replication,M3,observed_min_to_max,790,157,633,1.5111363517004532,0.0,7.0,0.22689271262616287,0.0996715558796196,-0.12722115674654327,0.08158604780741846,-0.2871268720900465,0.032684558596959956
n_ancestries_replication,M3,one_sd_from_mean,790,157,633,1.5111363517004532,1.0645569620253164,2.5756933137257696,0.20210162525923023,0.17039296212829713,-0.031708663130933096,0.023872173009610257,-0.07849726246247835,0.015079936200612161
n_ancestries_replication,M4,p10_to_p90,790,157,633,1.5111363517004532,0.0,4.0,0.19592289853776815,0.2061893605366696,0.010266461998901466,0.07869826725021259,-0.14397930745722323,0.16451223145502616
n_ancestries_replication,M4,observed_min_to_max,790,157,633,1.5111363517004532,0.0,7.0,0.19592289853776815,0.2141281400523391,0.018205241514570952,0.1413501988357373,-0.25883605741104965,0.2952465404401915
n_ancestries_replication,M4,one_sd_from_mean,790,157,633,1.5111363517004532,1.0645569620253164,2.5756933137257696,0.19861956570121944,0.20249189160999628,0.0038723259087768414,0.029637136099736526,-0.05421539345161864,0.06196004526917232
has_replication,M1,absent_to_present,790,157,633,0.4996750159139572,0.0,1.0,0.17066666666666672,0.2240963855421687,0.05342971887550199,0.03379339394526202,-0.012804116172585492,0.11966355392358947
has_replication,M2,absent_to_present,790,157,633,0.4996750159139572,0.0,1.0,0.19493336738593597,0.20163542797778297,0.006702060591846998,0.03970441103407637,-0.0711171550623174,0.0845212762460114
has_replication,M3,absent_to_present,790,157,633,0.4996750159139572,0.0,1.0,0.18328400781591792,0.21153205490128896,0.028248047085371042,0.05102056061244976,-0.07175041418607332,0.1282465083568154
has_replication,M4,absent_to_present,790,157,633,0.4996750159139572,0.0,1.0,0.16748736439686146,0.2278175467515739,0.060330182354712436,0.04819040740797248,-0.03412128056522584,0.15478164527465071
has_african,M1,absent_to_present,790,157,633,0.4574339303603788,0.0,1.0,0.16936936936936925,0.2680851063829786,0.09871573701360936,0.043018333689387095,0.014401352307484586,0.18303012171973415
has_african,M2,absent_to_present,790,157,633,0.4574339303603788,0.0,1.0,0.17976569764566389,0.23826300594032956,0.05849730829466568,0.049512487810964276,-0.03854538459980272,0.15554000118913408
has_african,M3,absent_to_present,790,157,633,0.4574339303603788,0.0,1.0,0.18045091771945862,0.23654074898704777,0.05608983126758915,0.05016725160136921,-0.04223617507445385,0.15441583760963215
has_african,M4,absent_to_present,790,157,633,0.4574339303603788,0.0,1.0,0.18230972668632156,0.23176165294834422,0.04945192626202266,0.05008099426759864,-0.04870501881242757,0.14760887133647288
has_east_asian,M1,absent_to_present,790,157,633,0.500316756446089,0.0,1.0,0.17468354430379746,0.22278481012658224,0.04810126582278479,0.0354770386951113,-0.021432452297767232,0.11763498394333681
has_east_asian,M2,absent_to_present,790,157,633,0.500316756446089,0.0,1.0,0.19933817445615742,0.19822660953614155,-0.0011115649200158784,0.04031673346877235,-0.08013091049311029,0.07790778065307853
has_east_asian,M3,absent_to_present,790,157,633,0.500316756446089,0.0,1.0,0.19839862618435433,0.1990178935254713,0.0006192673411169747,0.04002362289064115,-0.07782559205535257,0.07906412673758652
has_east_asian,M4,absent_to_present,790,157,633,0.500316756446089,0.0,1.0,0.19085158158237864,0.20581430935038503,0.01496272776800639,0.04262567676180596,-0.06858206350177921,0.098507519037792
has_south_asian,M1,absent_to_present,790,157,633,0.424544182519218,0.0,1.0,0.1788079470198677,0.2634408602150539,0.0846329131951862,0.043563286116929216,-0.0007495586422087974,0.1700153850325812
has_south_asian,M2,absent_to_present,790,157,633,0.424544182519218,0.0,1.0,0.1887972205133199,0.22664637129786253,0.03784915078454262,0.0391569998875183,-0.03889715873763219,0.11459546030671744
has_south_asian,M3,absent_to_present,790,157,633,0.424544182519218,0.0,1.0,0.1886022583175287,0.22724928850317974,0.03864703018565105,0.03938843959693948,-0.0385528928315817,0.1158469532028838
has_south_asian,M4,absent_to_present,790,157,633,0.424544182519218,0.0,1.0,0.19520966344133578,0.2080640885625289,0.012854425121193114,0.045444512655416554,-0.07621518297839802,0.10192403322078425
