ti_uid,gene,indication_mesh_id,indication_mesh_term,ccat,year_launch,supported,pool,initial_set,replication_set,all_set,n_studies_total,n_studies_initial,n_studies_replication,n_ancestries_initial,n_ancestries_replication,n_ancestries_all,has_replication,panukb_phenotype_id,trait_type,phenocode,description,pops_pass_qc,num_pops_pass_qc,filename,filename_tabix,aws_path,aws_path_tabix,mapping_tier,mapping_status,mapping_rationale,source_resource,source_manifest_filename,source_manifest_md5,source_manifest_sha256,genome_build
ABCC8-D003920,ABCC8,D003920,Diabetes Mellitus,Launched,2019.0,True,A,['African' 'East Asian' 'European' 'South Asian'],[],['African' 'East Asian' 'European' 'South Asian'],6,6,0,4,0,4,False,phecode|250|both_sexes||,phecode,250,Diabetes mellitus,"CSA,EUR",2,phecode-250-both_sexes.tsv.bgz,phecode-250-both_sexes.tsv.bgz.tbi,s3://pan-ukb-us-east-1/sumstats_flat_files/phecode-250-both_sexes.tsv.bgz,s3://pan-ukb-us-east-1/sumstats_flat_files_tabix/phecode-250-both_sexes.tsv.bgz.tbi,Direct,Locked,Exact broad endpoint: Diabetes mellitus; excludes the narrower type 2 endpoint.,Pan-UK Biobank,phenotype_manifest.tsv.bgz,0735065d06ea8ffb098c119ef419c821,58343c50b06be5cee7a56a1d1a38c30065aa4321a8d8e6b3471d971e0a5b812c,GRCh37
ABCC8-D003924,ABCC8,D003924,"Diabetes Mellitus, Type 2",Launched,,True,A,"['African' 'East Asian' 'European' 'Hispanic/Latin American' 'NR'
 'South Asian']",['East Asian' 'European' 'NR' 'South Asian'],"['African' 'East Asian' 'European' 'Hispanic/Latin American' 'NR'
 'South Asian']",16,16,6,5,3,5,True,phecode|250.2|both_sexes||,phecode,250.2,Type 2 diabetes,"CSA,EUR",2,phecode-250.2-both_sexes.tsv.bgz,phecode-250.2-both_sexes.tsv.bgz.tbi,s3://pan-ukb-us-east-1/sumstats_flat_files/phecode-250.2-both_sexes.tsv.bgz,s3://pan-ukb-us-east-1/sumstats_flat_files_tabix/phecode-250.2-both_sexes.tsv.bgz.tbi,Direct,Locked,Exact disease endpoint: Type 2 diabetes.,Pan-UK Biobank,phenotype_manifest.tsv.bgz,0735065d06ea8ffb098c119ef419c821,58343c50b06be5cee7a56a1d1a38c30065aa4321a8d8e6b3471d971e0a5b812c,GRCh37
ACE-D006973,ACE,D006973,Hypertension,Launched,2013.0,True,A,"['African' 'East Asian' 'European' 'Hispanic/Latin American' 'NR'
 'Native American' 'Other' 'Other Asian' 'South Asian']",['East Asian' 'European' 'NR'],"['African' 'East Asian' 'European' 'Hispanic/Latin American' 'NR'
 'Native American' 'Other' 'Other Asian' 'South Asian']",14,14,4,8,2,8,True,phecode|401|both_sexes||,phecode,401,Hypertension,"CSA,EUR",2,phecode-401-both_sexes.tsv.bgz,phecode-401-both_sexes.tsv.bgz.tbi,s3://pan-ukb-us-east-1/sumstats_flat_files/phecode-401-both_sexes.tsv.bgz,s3://pan-ukb-us-east-1/sumstats_flat_files_tabix/phecode-401-both_sexes.tsv.bgz.tbi,Direct,Locked,Exact broad endpoint: Hypertension; excludes narrower essential hypertension.,Pan-UK Biobank,phenotype_manifest.tsv.bgz,0735065d06ea8ffb098c119ef419c821,58343c50b06be5cee7a56a1d1a38c30065aa4321a8d8e6b3471d971e0a5b812c,GRCh37
ADIPOR2-D009765,ADIPOR2,D009765,Obesity,Phase I,,True,B,['European'],[],['European'],1,1,0,1,0,1,False,icd10|E66|both_sexes||,icd10,E66,E66 Obesity,"EUR,MID",2,icd10-E66-both_sexes.tsv.bgz,icd10-E66-both_sexes.tsv.bgz.tbi,s3://pan-ukb-us-east-1/sumstats_flat_files/icd10-E66-both_sexes.tsv.bgz,s3://pan-ukb-us-east-1/sumstats_flat_files_tabix/icd10-E66-both_sexes.tsv.bgz.tbi,Direct,Locked,Exact disease endpoint: ICD-10 E66 Obesity.,Pan-UK Biobank,phenotype_manifest.tsv.bgz,0735065d06ea8ffb098c119ef419c821,58343c50b06be5cee7a56a1d1a38c30065aa4321a8d8e6b3471d971e0a5b812c,GRCh37
ADORA1-D001249,ADORA1,D001249,Asthma,Phase II,,True,B,['African' 'East Asian' 'European' 'Hispanic/Latin American' 'NR'],['European' 'NR'],['African' 'East Asian' 'European' 'Hispanic/Latin American' 'NR'],13,13,3,4,1,4,True,icd10|J45|both_sexes||,icd10,J45,J45 Asthma,"CSA,EUR,MID",3,icd10-J45-both_sexes.tsv.bgz,icd10-J45-both_sexes.tsv.bgz.tbi,s3://pan-ukb-us-east-1/sumstats_flat_files/icd10-J45-both_sexes.tsv.bgz,s3://pan-ukb-us-east-1/sumstats_flat_files_tabix/icd10-J45-both_sexes.tsv.bgz.tbi,Direct,Locked,Exact disease endpoint: ICD-10 J45 Asthma.,Pan-UK Biobank,phenotype_manifest.tsv.bgz,0735065d06ea8ffb098c119ef419c821,58343c50b06be5cee7a56a1d1a38c30065aa4321a8d8e6b3471d971e0a5b812c,GRCh37
ADORA1-D029424,ADORA1,D029424,"Pulmonary Disease, Chronic Obstructive",Phase II,,True,B,['African' 'East Asian' 'European' 'Hispanic/Latin American' 'NR'],['European' 'NR'],['African' 'East Asian' 'European' 'Hispanic/Latin American' 'NR'],13,13,3,4,1,4,True,icd10|J44|both_sexes||,icd10,J44,J44 Other chronic obstructive pulmonary disease,"CSA,EUR",2,icd10-J44-both_sexes.tsv.bgz,icd10-J44-both_sexes.tsv.bgz.tbi,s3://pan-ukb-us-east-1/sumstats_flat_files/icd10-J44-both_sexes.tsv.bgz,s3://pan-ukb-us-east-1/sumstats_flat_files_tabix/icd10-J44-both_sexes.tsv.bgz.tbi,Direct,Locked,Exact disease endpoint: ICD-10 J44 chronic obstructive pulmonary disease.,Pan-UK Biobank,phenotype_manifest.tsv.bgz,0735065d06ea8ffb098c119ef419c821,58343c50b06be5cee7a56a1d1a38c30065aa4321a8d8e6b3471d971e0a5b812c,GRCh37
ADORA2B-D001249,ADORA2B,D001249,Asthma,Phase I,,True,B,['European'],[],['European'],1,1,0,1,0,1,False,icd10|J45|both_sexes||,icd10,J45,J45 Asthma,"CSA,EUR,MID",3,icd10-J45-both_sexes.tsv.bgz,icd10-J45-both_sexes.tsv.bgz.tbi,s3://pan-ukb-us-east-1/sumstats_flat_files/icd10-J45-both_sexes.tsv.bgz,s3://pan-ukb-us-east-1/sumstats_flat_files_tabix/icd10-J45-both_sexes.tsv.bgz.tbi,Direct,Locked,Exact disease endpoint: ICD-10 J45 Asthma.,Pan-UK Biobank,phenotype_manifest.tsv.bgz,0735065d06ea8ffb098c119ef419c821,58343c50b06be5cee7a56a1d1a38c30065aa4321a8d8e6b3471d971e0a5b812c,GRCh37
ADRA1A-D006973,ADRA1A,D006973,Hypertension,Phase III,,True,B,['European'],[],['European'],1,1,0,1,0,1,False,phecode|401|both_sexes||,phecode,401,Hypertension,"CSA,EUR",2,phecode-401-both_sexes.tsv.bgz,phecode-401-both_sexes.tsv.bgz.tbi,s3://pan-ukb-us-east-1/sumstats_flat_files/phecode-401-both_sexes.tsv.bgz,s3://pan-ukb-us-east-1/sumstats_flat_files_tabix/phecode-401-both_sexes.tsv.bgz.tbi,Direct,Locked,Exact broad endpoint: Hypertension; excludes narrower essential hypertension.,Pan-UK Biobank,phenotype_manifest.tsv.bgz,0735065d06ea8ffb098c119ef419c821,58343c50b06be5cee7a56a1d1a38c30065aa4321a8d8e6b3471d971e0a5b812c,GRCh37
ADRA2B-D006973,ADRA2B,D006973,Hypertension,Launched,,True,A,['East Asian' 'European'],['European'],['East Asian' 'European'],5,5,3,2,1,2,True,phecode|401|both_sexes||,phecode,401,Hypertension,"CSA,EUR",2,phecode-401-both_sexes.tsv.bgz,phecode-401-both_sexes.tsv.bgz.tbi,s3://pan-ukb-us-east-1/sumstats_flat_files/phecode-401-both_sexes.tsv.bgz,s3://pan-ukb-us-east-1/sumstats_flat_files_tabix/phecode-401-both_sexes.tsv.bgz.tbi,Direct,Locked,Exact broad endpoint: Hypertension; excludes narrower essential hypertension.,Pan-UK Biobank,phenotype_manifest.tsv.bgz,0735065d06ea8ffb098c119ef419c821,58343c50b06be5cee7a56a1d1a38c30065aa4321a8d8e6b3471d971e0a5b812c,GRCh37
ADRA2C-D006973,ADRA2C,D006973,Hypertension,Launched,,True,A,['European'],[],['European'],2,2,0,1,0,1,False,phecode|401|both_sexes||,phecode,401,Hypertension,"CSA,EUR",2,phecode-401-both_sexes.tsv.bgz,phecode-401-both_sexes.tsv.bgz.tbi,s3://pan-ukb-us-east-1/sumstats_flat_files/phecode-401-both_sexes.tsv.bgz,s3://pan-ukb-us-east-1/sumstats_flat_files_tabix/phecode-401-both_sexes.tsv.bgz.tbi,Direct,Locked,Exact broad endpoint: Hypertension; excludes narrower essential hypertension.,Pan-UK Biobank,phenotype_manifest.tsv.bgz,0735065d06ea8ffb098c119ef419c821,58343c50b06be5cee7a56a1d1a38c30065aa4321a8d8e6b3471d971e0a5b812c,GRCh37
ADRB1-D006973,ADRB1,D006973,Hypertension,Launched,,True,A,"['African' 'East Asian' 'European' 'Hispanic/Latin American' 'NR'
 'Native American' 'Other' 'Other Asian' 'South Asian']","['African' 'East Asian' 'European' 'Hispanic/Latin American' 'NR'
 'South Asian']","['African' 'East Asian' 'European' 'Hispanic/Latin American' 'NR'
 'Native American' 'Other' 'Other Asian' 'South Asian']",27,27,10,8,5,8,True,phecode|401|both_sexes||,phecode,401,Hypertension,"CSA,EUR",2,phecode-401-both_sexes.tsv.bgz,phecode-401-both_sexes.tsv.bgz.tbi,s3://pan-ukb-us-east-1/sumstats_flat_files/phecode-401-both_sexes.tsv.bgz,s3://pan-ukb-us-east-1/sumstats_flat_files_tabix/phecode-401-both_sexes.tsv.bgz.tbi,Direct,Locked,Exact broad endpoint: Hypertension; excludes narrower essential hypertension.,Pan-UK Biobank,phenotype_manifest.tsv.bgz,0735065d06ea8ffb098c119ef419c821,58343c50b06be5cee7a56a1d1a38c30065aa4321a8d8e6b3471d971e0a5b812c,GRCh37
ADRB2-D001249,ADRB2,D001249,Asthma,Launched,2004.0,True,A,['European'],['European'],['European'],2,2,1,1,1,1,True,icd10|J45|both_sexes||,icd10,J45,J45 Asthma,"CSA,EUR,MID",3,icd10-J45-both_sexes.tsv.bgz,icd10-J45-both_sexes.tsv.bgz.tbi,s3://pan-ukb-us-east-1/sumstats_flat_files/icd10-J45-both_sexes.tsv.bgz,s3://pan-ukb-us-east-1/sumstats_flat_files_tabix/icd10-J45-both_sexes.tsv.bgz.tbi,Direct,Locked,Exact disease endpoint: ICD-10 J45 Asthma.,Pan-UK Biobank,phenotype_manifest.tsv.bgz,0735065d06ea8ffb098c119ef419c821,58343c50b06be5cee7a56a1d1a38c30065aa4321a8d8e6b3471d971e0a5b812c,GRCh37
ADRB2-D006973,ADRB2,D006973,Hypertension,Launched,2007.0,True,A,['European'],['European'],['European'],2,2,1,1,1,1,True,phecode|401|both_sexes||,phecode,401,Hypertension,"CSA,EUR",2,phecode-401-both_sexes.tsv.bgz,phecode-401-both_sexes.tsv.bgz.tbi,s3://pan-ukb-us-east-1/sumstats_flat_files/phecode-401-both_sexes.tsv.bgz,s3://pan-ukb-us-east-1/sumstats_flat_files_tabix/phecode-401-both_sexes.tsv.bgz.tbi,Direct,Locked,Exact broad endpoint: Hypertension; excludes narrower essential hypertension.,Pan-UK Biobank,phenotype_manifest.tsv.bgz,0735065d06ea8ffb098c119ef419c821,58343c50b06be5cee7a56a1d1a38c30065aa4321a8d8e6b3471d971e0a5b812c,GRCh37
ADRB2-D029424,ADRB2,D029424,"Pulmonary Disease, Chronic Obstructive",Launched,2009.0,True,A,['European'],['European'],['European'],2,2,1,1,1,1,True,icd10|J44|both_sexes||,icd10,J44,J44 Other chronic obstructive pulmonary disease,"CSA,EUR",2,icd10-J44-both_sexes.tsv.bgz,icd10-J44-both_sexes.tsv.bgz.tbi,s3://pan-ukb-us-east-1/sumstats_flat_files/icd10-J44-both_sexes.tsv.bgz,s3://pan-ukb-us-east-1/sumstats_flat_files_tabix/icd10-J44-both_sexes.tsv.bgz.tbi,Direct,Locked,Exact disease endpoint: ICD-10 J44 chronic obstructive pulmonary disease.,Pan-UK Biobank,phenotype_manifest.tsv.bgz,0735065d06ea8ffb098c119ef419c821,58343c50b06be5cee7a56a1d1a38c30065aa4321a8d8e6b3471d971e0a5b812c,GRCh37
AGT-D006973,AGT,D006973,Hypertension,Launched,,True,A,"['African' 'East Asian' 'European' 'Hispanic/Latin American' 'NR'
 'Native American' 'Other' 'Other Asian' 'South Asian']",['European' 'NR'],"['African' 'East Asian' 'European' 'Hispanic/Latin American' 'NR'
 'Native American' 'Other' 'Other Asian' 'South Asian']",19,19,6,8,1,8,True,phecode|401|both_sexes||,phecode,401,Hypertension,"CSA,EUR",2,phecode-401-both_sexes.tsv.bgz,phecode-401-both_sexes.tsv.bgz.tbi,s3://pan-ukb-us-east-1/sumstats_flat_files/phecode-401-both_sexes.tsv.bgz,s3://pan-ukb-us-east-1/sumstats_flat_files_tabix/phecode-401-both_sexes.tsv.bgz.tbi,Direct,Locked,Exact broad endpoint: Hypertension; excludes narrower essential hypertension.,Pan-UK Biobank,phenotype_manifest.tsv.bgz,0735065d06ea8ffb098c119ef419c821,58343c50b06be5cee7a56a1d1a38c30065aa4321a8d8e6b3471d971e0a5b812c,GRCh37
ALDH2-D014029,ALDH2,D014029,Tobacco Use Disorder,Phase I,,True,B,['European'],[],['European'],1,1,0,1,0,1,False,phecode|318|both_sexes||,phecode,318,Tobacco use disorder,"EAS,EUR",2,phecode-318-both_sexes.tsv.bgz,phecode-318-both_sexes.tsv.bgz.tbi,s3://pan-ukb-us-east-1/sumstats_flat_files/phecode-318-both_sexes.tsv.bgz,s3://pan-ukb-us-east-1/sumstats_flat_files_tabix/phecode-318-both_sexes.tsv.bgz.tbi,Direct,Locked,Exact disease endpoint: Tobacco use disorder.,Pan-UK Biobank,phenotype_manifest.tsv.bgz,0735065d06ea8ffb098c119ef419c821,58343c50b06be5cee7a56a1d1a38c30065aa4321a8d8e6b3471d971e0a5b812c,GRCh37
ALDH2-D019973,ALDH2,D019973,Alcohol-Related Disorders,Phase II,,True,B,['East Asian' 'European'],[],['East Asian' 'European'],5,5,0,2,0,2,False,phecode|317|both_sexes||,phecode,317,Alcohol-related disorders,"AFR,EUR",2,phecode-317-both_sexes.tsv.bgz,phecode-317-both_sexes.tsv.bgz.tbi,s3://pan-ukb-us-east-1/sumstats_flat_files/phecode-317-both_sexes.tsv.bgz,s3://pan-ukb-us-east-1/sumstats_flat_files_tabix/phecode-317-both_sexes.tsv.bgz.tbi,Direct,Locked,Exact disease endpoint: Alcohol-related disorders.,Pan-UK Biobank,phenotype_manifest.tsv.bgz,0735065d06ea8ffb098c119ef419c821,58343c50b06be5cee7a56a1d1a38c30065aa4321a8d8e6b3471d971e0a5b812c,GRCh37
CACNA1C-D006973,CACNA1C,D006973,Hypertension,Launched,,True,A,['European'],[],['European'],1,1,0,1,0,1,False,phecode|401|both_sexes||,phecode,401,Hypertension,"CSA,EUR",2,phecode-401-both_sexes.tsv.bgz,phecode-401-both_sexes.tsv.bgz.tbi,s3://pan-ukb-us-east-1/sumstats_flat_files/phecode-401-both_sexes.tsv.bgz,s3://pan-ukb-us-east-1/sumstats_flat_files_tabix/phecode-401-both_sexes.tsv.bgz.tbi,Direct,Locked,Exact broad endpoint: Hypertension; excludes narrower essential hypertension.,Pan-UK Biobank,phenotype_manifest.tsv.bgz,0735065d06ea8ffb098c119ef419c821,58343c50b06be5cee7a56a1d1a38c30065aa4321a8d8e6b3471d971e0a5b812c,GRCh37
CALCA-D009765,CALCA,D009765,Obesity,Phase I,,True,B,['European'],[],['European'],2,2,0,1,0,1,False,icd10|E66|both_sexes||,icd10,E66,E66 Obesity,"EUR,MID",2,icd10-E66-both_sexes.tsv.bgz,icd10-E66-both_sexes.tsv.bgz.tbi,s3://pan-ukb-us-east-1/sumstats_flat_files/icd10-E66-both_sexes.tsv.bgz,s3://pan-ukb-us-east-1/sumstats_flat_files_tabix/icd10-E66-both_sexes.tsv.bgz.tbi,Direct,Locked,Exact disease endpoint: ICD-10 E66 Obesity.,Pan-UK Biobank,phenotype_manifest.tsv.bgz,0735065d06ea8ffb098c119ef419c821,58343c50b06be5cee7a56a1d1a38c30065aa4321a8d8e6b3471d971e0a5b812c,GRCh37
CALCR-D003920,CALCR,D003920,Diabetes Mellitus,Phase II,,True,B,['European'],[],['European'],1,1,0,1,0,1,False,phecode|250|both_sexes||,phecode,250,Diabetes mellitus,"CSA,EUR",2,phecode-250-both_sexes.tsv.bgz,phecode-250-both_sexes.tsv.bgz.tbi,s3://pan-ukb-us-east-1/sumstats_flat_files/phecode-250-both_sexes.tsv.bgz,s3://pan-ukb-us-east-1/sumstats_flat_files_tabix/phecode-250-both_sexes.tsv.bgz.tbi,Direct,Locked,Exact broad endpoint: Diabetes mellitus; excludes the narrower type 2 endpoint.,Pan-UK Biobank,phenotype_manifest.tsv.bgz,0735065d06ea8ffb098c119ef419c821,58343c50b06be5cee7a56a1d1a38c30065aa4321a8d8e6b3471d971e0a5b812c,GRCh37
CALCR-D003924,CALCR,D003924,"Diabetes Mellitus, Type 2",Phase II,,True,B,['African' 'East Asian' 'European' 'Hispanic/Latin American' 'South Asian'],[],['African' 'East Asian' 'European' 'Hispanic/Latin American' 'South Asian'],2,2,0,5,0,5,False,phecode|250.2|both_sexes||,phecode,250.2,Type 2 diabetes,"CSA,EUR",2,phecode-250.2-both_sexes.tsv.bgz,phecode-250.2-both_sexes.tsv.bgz.tbi,s3://pan-ukb-us-east-1/sumstats_flat_files/phecode-250.2-both_sexes.tsv.bgz,s3://pan-ukb-us-east-1/sumstats_flat_files_tabix/phecode-250.2-both_sexes.tsv.bgz.tbi,Direct,Locked,Exact disease endpoint: Type 2 diabetes.,Pan-UK Biobank,phenotype_manifest.tsv.bgz,0735065d06ea8ffb098c119ef419c821,58343c50b06be5cee7a56a1d1a38c30065aa4321a8d8e6b3471d971e0a5b812c,GRCh37
CALCR-D009765,CALCR,D009765,Obesity,Phase II,,True,B,['African' 'East Asian' 'European' 'Hispanic/Latin American' 'South Asian'],['African' 'East Asian' 'European' 'NR' 'Other Asian' 'South Asian'],"['African' 'East Asian' 'European' 'Hispanic/Latin American' 'NR'
 'Other Asian' 'South Asian']",16,16,5,5,5,6,True,icd10|E66|both_sexes||,icd10,E66,E66 Obesity,"EUR,MID",2,icd10-E66-both_sexes.tsv.bgz,icd10-E66-both_sexes.tsv.bgz.tbi,s3://pan-ukb-us-east-1/sumstats_flat_files/icd10-E66-both_sexes.tsv.bgz,s3://pan-ukb-us-east-1/sumstats_flat_files_tabix/icd10-E66-both_sexes.tsv.bgz.tbi,Direct,Locked,Exact disease endpoint: ICD-10 E66 Obesity.,Pan-UK Biobank,phenotype_manifest.tsv.bgz,0735065d06ea8ffb098c119ef419c821,58343c50b06be5cee7a56a1d1a38c30065aa4321a8d8e6b3471d971e0a5b812c,GRCh37
CCKBR-D005764,CCKBR,D005764,Gastroesophageal Reflux,Phase I,,True,B,['European' 'NR'],[],['European' 'NR'],1,1,0,1,0,1,False,phecode|530.11|both_sexes||,phecode,530.11,GERD,"EUR,MID",2,phecode-530.11-both_sexes.tsv.bgz,phecode-530.11-both_sexes.tsv.bgz.tbi,s3://pan-ukb-us-east-1/sumstats_flat_files/phecode-530.11-both_sexes.tsv.bgz,s3://pan-ukb-us-east-1/sumstats_flat_files_tabix/phecode-530.11-both_sexes.tsv.bgz.tbi,Direct,Locked,Exact endpoint: GERD; excludes broader esophagitis/related-disease phenotype.,Pan-UK Biobank,phenotype_manifest.tsv.bgz,0735065d06ea8ffb098c119ef419c821,58343c50b06be5cee7a56a1d1a38c30065aa4321a8d8e6b3471d971e0a5b812c,GRCh37
CHRM3-D001249,CHRM3,D001249,Asthma,Phase I,,True,B,['African' 'East Asian' 'European' 'Hispanic/Latin American' 'NR'],['European' 'NR'],['African' 'East Asian' 'European' 'Hispanic/Latin American' 'NR'],5,5,2,4,1,4,True,icd10|J45|both_sexes||,icd10,J45,J45 Asthma,"CSA,EUR,MID",3,icd10-J45-both_sexes.tsv.bgz,icd10-J45-both_sexes.tsv.bgz.tbi,s3://pan-ukb-us-east-1/sumstats_flat_files/icd10-J45-both_sexes.tsv.bgz,s3://pan-ukb-us-east-1/sumstats_flat_files_tabix/icd10-J45-both_sexes.tsv.bgz.tbi,Direct,Locked,Exact disease endpoint: ICD-10 J45 Asthma.,Pan-UK Biobank,phenotype_manifest.tsv.bgz,0735065d06ea8ffb098c119ef419c821,58343c50b06be5cee7a56a1d1a38c30065aa4321a8d8e6b3471d971e0a5b812c,GRCh37
CHRM3-D029424,CHRM3,D029424,"Pulmonary Disease, Chronic Obstructive",Launched,2012.0,True,A,['African' 'East Asian' 'European' 'Hispanic/Latin American' 'NR'],['European' 'NR'],['African' 'East Asian' 'European' 'Hispanic/Latin American' 'NR'],5,5,2,4,1,4,True,icd10|J44|both_sexes||,icd10,J44,J44 Other chronic obstructive pulmonary disease,"CSA,EUR",2,icd10-J44-both_sexes.tsv.bgz,icd10-J44-both_sexes.tsv.bgz.tbi,s3://pan-ukb-us-east-1/sumstats_flat_files/icd10-J44-both_sexes.tsv.bgz,s3://pan-ukb-us-east-1/sumstats_flat_files_tabix/icd10-J44-both_sexes.tsv.bgz.tbi,Direct,Locked,Exact disease endpoint: ICD-10 J44 chronic obstructive pulmonary disease.,Pan-UK Biobank,phenotype_manifest.tsv.bgz,0735065d06ea8ffb098c119ef419c821,58343c50b06be5cee7a56a1d1a38c30065aa4321a8d8e6b3471d971e0a5b812c,GRCh37
CHRM3-D029481,CHRM3,D029481,"Bronchitis, Chronic",Launched,2012.0,True,A,['African' 'East Asian' 'European' 'Hispanic/Latin American' 'NR'],[],['African' 'East Asian' 'European' 'Hispanic/Latin American' 'NR'],1,1,0,4,0,4,False,phecode|496.2|both_sexes||,phecode,496.2,Chronic bronchitis,"CSA,EUR",2,phecode-496.2-both_sexes.tsv.bgz,phecode-496.2-both_sexes.tsv.bgz.tbi,s3://pan-ukb-us-east-1/sumstats_flat_files/phecode-496.2-both_sexes.tsv.bgz,s3://pan-ukb-us-east-1/sumstats_flat_files_tabix/phecode-496.2-both_sexes.tsv.bgz.tbi,Direct,Locked,Exact disease endpoint: Chronic bronchitis; excludes narrower obstructive chronic bronchitis.,Pan-UK Biobank,phenotype_manifest.tsv.bgz,0735065d06ea8ffb098c119ef419c821,58343c50b06be5cee7a56a1d1a38c30065aa4321a8d8e6b3471d971e0a5b812c,GRCh37
CHRNA3-D014029,CHRNA3,D014029,Tobacco Use Disorder,Phase I,,True,B,['European'],['European'],['European'],3,3,2,1,1,1,True,phecode|318|both_sexes||,phecode,318,Tobacco use disorder,"EAS,EUR",2,phecode-318-both_sexes.tsv.bgz,phecode-318-both_sexes.tsv.bgz.tbi,s3://pan-ukb-us-east-1/sumstats_flat_files/phecode-318-both_sexes.tsv.bgz,s3://pan-ukb-us-east-1/sumstats_flat_files_tabix/phecode-318-both_sexes.tsv.bgz.tbi,Direct,Locked,Exact disease endpoint: Tobacco use disorder.,Pan-UK Biobank,phenotype_manifest.tsv.bgz,0735065d06ea8ffb098c119ef419c821,58343c50b06be5cee7a56a1d1a38c30065aa4321a8d8e6b3471d971e0a5b812c,GRCh37
CHRNA4-D014029,CHRNA4,D014029,Tobacco Use Disorder,Launched,,True,A,['African' 'European'],['European' 'NR'],['African' 'European' 'NR'],4,4,2,2,1,2,True,phecode|318|both_sexes||,phecode,318,Tobacco use disorder,"EAS,EUR",2,phecode-318-both_sexes.tsv.bgz,phecode-318-both_sexes.tsv.bgz.tbi,s3://pan-ukb-us-east-1/sumstats_flat_files/phecode-318-both_sexes.tsv.bgz,s3://pan-ukb-us-east-1/sumstats_flat_files_tabix/phecode-318-both_sexes.tsv.bgz.tbi,Direct,Locked,Exact disease endpoint: Tobacco use disorder.,Pan-UK Biobank,phenotype_manifest.tsv.bgz,0735065d06ea8ffb098c119ef419c821,58343c50b06be5cee7a56a1d1a38c30065aa4321a8d8e6b3471d971e0a5b812c,GRCh37
CHRNB4-D006973,CHRNB4,D006973,Hypertension,Phase II,,True,B,['European'],['European'],['European'],1,1,1,1,1,1,True,phecode|401|both_sexes||,phecode,401,Hypertension,"CSA,EUR",2,phecode-401-both_sexes.tsv.bgz,phecode-401-both_sexes.tsv.bgz.tbi,s3://pan-ukb-us-east-1/sumstats_flat_files/phecode-401-both_sexes.tsv.bgz,s3://pan-ukb-us-east-1/sumstats_flat_files_tabix/phecode-401-both_sexes.tsv.bgz.tbi,Direct,Locked,Exact broad endpoint: Hypertension; excludes narrower essential hypertension.,Pan-UK Biobank,phenotype_manifest.tsv.bgz,0735065d06ea8ffb098c119ef419c821,58343c50b06be5cee7a56a1d1a38c30065aa4321a8d8e6b3471d971e0a5b812c,GRCh37
CSF2-D001249,CSF2,D001249,Asthma,Phase II,,True,B,['African' 'East Asian' 'European' 'Hispanic/Latin American'],['European'],['African' 'East Asian' 'European' 'Hispanic/Latin American'],4,4,1,4,1,4,True,icd10|J45|both_sexes||,icd10,J45,J45 Asthma,"CSA,EUR,MID",3,icd10-J45-both_sexes.tsv.bgz,icd10-J45-both_sexes.tsv.bgz.tbi,s3://pan-ukb-us-east-1/sumstats_flat_files/icd10-J45-both_sexes.tsv.bgz,s3://pan-ukb-us-east-1/sumstats_flat_files_tabix/icd10-J45-both_sexes.tsv.bgz.tbi,Direct,Locked,Exact disease endpoint: ICD-10 J45 Asthma.,Pan-UK Biobank,phenotype_manifest.tsv.bgz,0735065d06ea8ffb098c119ef419c821,58343c50b06be5cee7a56a1d1a38c30065aa4321a8d8e6b3471d971e0a5b812c,GRCh37
CSF2-D029424,CSF2,D029424,"Pulmonary Disease, Chronic Obstructive",Phase I,,True,B,['African' 'East Asian' 'European' 'Hispanic/Latin American'],['European'],['African' 'East Asian' 'European' 'Hispanic/Latin American'],4,4,1,4,1,4,True,icd10|J44|both_sexes||,icd10,J44,J44 Other chronic obstructive pulmonary disease,"CSA,EUR",2,icd10-J44-both_sexes.tsv.bgz,icd10-J44-both_sexes.tsv.bgz.tbi,s3://pan-ukb-us-east-1/sumstats_flat_files/icd10-J44-both_sexes.tsv.bgz,s3://pan-ukb-us-east-1/sumstats_flat_files_tabix/icd10-J44-both_sexes.tsv.bgz.tbi,Direct,Locked,Exact disease endpoint: ICD-10 J44 chronic obstructive pulmonary disease.,Pan-UK Biobank,phenotype_manifest.tsv.bgz,0735065d06ea8ffb098c119ef419c821,58343c50b06be5cee7a56a1d1a38c30065aa4321a8d8e6b3471d971e0a5b812c,GRCh37
CTSL-D010003,CTSL,D010003,Osteoarthritis,Phase I,,True,B,['European'],[],['European'],1,1,0,1,0,1,False,phecode|740|both_sexes||,phecode,740,Osteoarthrosis,"EUR,MID",2,phecode-740-both_sexes.tsv.bgz,phecode-740-both_sexes.tsv.bgz.tbi,s3://pan-ukb-us-east-1/sumstats_flat_files/phecode-740-both_sexes.tsv.bgz,s3://pan-ukb-us-east-1/sumstats_flat_files_tabix/phecode-740-both_sexes.tsv.bgz.tbi,Direct,Locked,Exact endpoint synonym: Osteoarthrosis for osteoarthritis; excludes site-specific hip/knee arthrosis.,Pan-UK Biobank,phenotype_manifest.tsv.bgz,0735065d06ea8ffb098c119ef419c821,58343c50b06be5cee7a56a1d1a38c30065aa4321a8d8e6b3471d971e0a5b812c,GRCh37
CYP11B1-D006973,CYP11B1,D006973,Hypertension,Phase II,,True,B,"['African' 'East Asian' 'European' 'Hispanic/Latin American' 'NR' 'Other'
 'South Asian']",['East Asian' 'European'],"['African' 'East Asian' 'European' 'Hispanic/Latin American' 'NR' 'Other'
 'South Asian']",14,14,5,6,2,6,True,phecode|401|both_sexes||,phecode,401,Hypertension,"CSA,EUR",2,phecode-401-both_sexes.tsv.bgz,phecode-401-both_sexes.tsv.bgz.tbi,s3://pan-ukb-us-east-1/sumstats_flat_files/phecode-401-both_sexes.tsv.bgz,s3://pan-ukb-us-east-1/sumstats_flat_files_tabix/phecode-401-both_sexes.tsv.bgz.tbi,Direct,Locked,Exact broad endpoint: Hypertension; excludes narrower essential hypertension.,Pan-UK Biobank,phenotype_manifest.tsv.bgz,0735065d06ea8ffb098c119ef419c821,58343c50b06be5cee7a56a1d1a38c30065aa4321a8d8e6b3471d971e0a5b812c,GRCh37
CYP11B2-D006973,CYP11B2,D006973,Hypertension,Phase II,,True,B,"['African' 'East Asian' 'European' 'Hispanic/Latin American' 'NR'
 'Native American' 'Other' 'Other Asian' 'South Asian']",['East Asian' 'European' 'NR'],"['African' 'East Asian' 'European' 'Hispanic/Latin American' 'NR'
 'Native American' 'Other' 'Other Asian' 'South Asian']",24,24,6,8,2,8,True,phecode|401|both_sexes||,phecode,401,Hypertension,"CSA,EUR",2,phecode-401-both_sexes.tsv.bgz,phecode-401-both_sexes.tsv.bgz.tbi,s3://pan-ukb-us-east-1/sumstats_flat_files/phecode-401-both_sexes.tsv.bgz,s3://pan-ukb-us-east-1/sumstats_flat_files_tabix/phecode-401-both_sexes.tsv.bgz.tbi,Direct,Locked,Exact broad endpoint: Hypertension; excludes narrower essential hypertension.,Pan-UK Biobank,phenotype_manifest.tsv.bgz,0735065d06ea8ffb098c119ef419c821,58343c50b06be5cee7a56a1d1a38c30065aa4321a8d8e6b3471d971e0a5b812c,GRCh37
CYP2A6-D014029,CYP2A6,D014029,Tobacco Use Disorder,Phase I,,True,B,['African' 'European'],['European' 'NR'],['African' 'European' 'NR'],2,2,1,2,1,2,True,phecode|318|both_sexes||,phecode,318,Tobacco use disorder,"EAS,EUR",2,phecode-318-both_sexes.tsv.bgz,phecode-318-both_sexes.tsv.bgz.tbi,s3://pan-ukb-us-east-1/sumstats_flat_files/phecode-318-both_sexes.tsv.bgz,s3://pan-ukb-us-east-1/sumstats_flat_files_tabix/phecode-318-both_sexes.tsv.bgz.tbi,Direct,Locked,Exact disease endpoint: Tobacco use disorder.,Pan-UK Biobank,phenotype_manifest.tsv.bgz,0735065d06ea8ffb098c119ef419c821,58343c50b06be5cee7a56a1d1a38c30065aa4321a8d8e6b3471d971e0a5b812c,GRCh37
DGAT1-D003920,DGAT1,D003920,Diabetes Mellitus,Phase I,,True,B,['African' 'East Asian' 'European' 'NR' 'South Asian'],[],['African' 'East Asian' 'European' 'NR' 'South Asian'],4,4,0,4,0,4,False,phecode|250|both_sexes||,phecode,250,Diabetes mellitus,"CSA,EUR",2,phecode-250-both_sexes.tsv.bgz,phecode-250-both_sexes.tsv.bgz.tbi,s3://pan-ukb-us-east-1/sumstats_flat_files/phecode-250-both_sexes.tsv.bgz,s3://pan-ukb-us-east-1/sumstats_flat_files_tabix/phecode-250-both_sexes.tsv.bgz.tbi,Direct,Locked,Exact broad endpoint: Diabetes mellitus; excludes the narrower type 2 endpoint.,Pan-UK Biobank,phenotype_manifest.tsv.bgz,0735065d06ea8ffb098c119ef419c821,58343c50b06be5cee7a56a1d1a38c30065aa4321a8d8e6b3471d971e0a5b812c,GRCh37
DGAT1-D003924,DGAT1,D003924,"Diabetes Mellitus, Type 2",Phase II,,True,B,['African' 'East Asian' 'European' 'Hispanic/Latin American' 'South Asian'],[],['African' 'East Asian' 'European' 'Hispanic/Latin American' 'South Asian'],3,3,0,5,0,5,False,phecode|250.2|both_sexes||,phecode,250.2,Type 2 diabetes,"CSA,EUR",2,phecode-250.2-both_sexes.tsv.bgz,phecode-250.2-both_sexes.tsv.bgz.tbi,s3://pan-ukb-us-east-1/sumstats_flat_files/phecode-250.2-both_sexes.tsv.bgz,s3://pan-ukb-us-east-1/sumstats_flat_files_tabix/phecode-250.2-both_sexes.tsv.bgz.tbi,Direct,Locked,Exact disease endpoint: Type 2 diabetes.,Pan-UK Biobank,phenotype_manifest.tsv.bgz,0735065d06ea8ffb098c119ef419c821,58343c50b06be5cee7a56a1d1a38c30065aa4321a8d8e6b3471d971e0a5b812c,GRCh37
DPP4-D009765,DPP4,D009765,Obesity,Phase I,,True,B,['European'],[],['European'],3,3,0,1,0,1,False,icd10|E66|both_sexes||,icd10,E66,E66 Obesity,"EUR,MID",2,icd10-E66-both_sexes.tsv.bgz,icd10-E66-both_sexes.tsv.bgz.tbi,s3://pan-ukb-us-east-1/sumstats_flat_files/icd10-E66-both_sexes.tsv.bgz,s3://pan-ukb-us-east-1/sumstats_flat_files_tabix/icd10-E66-both_sexes.tsv.bgz.tbi,Direct,Locked,Exact disease endpoint: ICD-10 E66 Obesity.,Pan-UK Biobank,phenotype_manifest.tsv.bgz,0735065d06ea8ffb098c119ef419c821,58343c50b06be5cee7a56a1d1a38c30065aa4321a8d8e6b3471d971e0a5b812c,GRCh37
DRD2-D005764,DRD2,D005764,Gastroesophageal Reflux,Launched,2009.0,True,A,['European'],['NR'],['European' 'NR'],1,1,1,1,0,1,True,phecode|530.11|both_sexes||,phecode,530.11,GERD,"EUR,MID",2,phecode-530.11-both_sexes.tsv.bgz,phecode-530.11-both_sexes.tsv.bgz.tbi,s3://pan-ukb-us-east-1/sumstats_flat_files/phecode-530.11-both_sexes.tsv.bgz,s3://pan-ukb-us-east-1/sumstats_flat_files_tabix/phecode-530.11-both_sexes.tsv.bgz.tbi,Direct,Locked,Exact endpoint: GERD; excludes broader esophagitis/related-disease phenotype.,Pan-UK Biobank,phenotype_manifest.tsv.bgz,0735065d06ea8ffb098c119ef419c821,58343c50b06be5cee7a56a1d1a38c30065aa4321a8d8e6b3471d971e0a5b812c,GRCh37
EDNRA-D006973,EDNRA,D006973,Hypertension,Phase III,,True,B,"['African' 'East Asian' 'European' 'Hispanic/Latin American' 'NR'
 'Native American' 'Other Asian']",['European' 'NR'],"['African' 'East Asian' 'European' 'Hispanic/Latin American' 'NR'
 'Native American' 'Other Asian']",8,8,3,6,1,6,True,phecode|401|both_sexes||,phecode,401,Hypertension,"CSA,EUR",2,phecode-401-both_sexes.tsv.bgz,phecode-401-both_sexes.tsv.bgz.tbi,s3://pan-ukb-us-east-1/sumstats_flat_files/phecode-401-both_sexes.tsv.bgz,s3://pan-ukb-us-east-1/sumstats_flat_files_tabix/phecode-401-both_sexes.tsv.bgz.tbi,Direct,Locked,Exact broad endpoint: Hypertension; excludes narrower essential hypertension.,Pan-UK Biobank,phenotype_manifest.tsv.bgz,0735065d06ea8ffb098c119ef419c821,58343c50b06be5cee7a56a1d1a38c30065aa4321a8d8e6b3471d971e0a5b812c,GRCh37
EPHX2-D029424,EPHX2,D029424,"Pulmonary Disease, Chronic Obstructive",Phase I,,True,B,['European'],[],['European'],3,3,0,1,0,1,False,icd10|J44|both_sexes||,icd10,J44,J44 Other chronic obstructive pulmonary disease,"CSA,EUR",2,icd10-J44-both_sexes.tsv.bgz,icd10-J44-both_sexes.tsv.bgz.tbi,s3://pan-ukb-us-east-1/sumstats_flat_files/icd10-J44-both_sexes.tsv.bgz,s3://pan-ukb-us-east-1/sumstats_flat_files_tabix/icd10-J44-both_sexes.tsv.bgz.tbi,Direct,Locked,Exact disease endpoint: ICD-10 J44 chronic obstructive pulmonary disease.,Pan-UK Biobank,phenotype_manifest.tsv.bgz,0735065d06ea8ffb098c119ef419c821,58343c50b06be5cee7a56a1d1a38c30065aa4321a8d8e6b3471d971e0a5b812c,GRCh37
FBP1-D003924,FBP1,D003924,"Diabetes Mellitus, Type 2",Phase II,,True,B,['European'],[],['European'],1,1,0,1,0,1,False,phecode|250.2|both_sexes||,phecode,250.2,Type 2 diabetes,"CSA,EUR",2,phecode-250.2-both_sexes.tsv.bgz,phecode-250.2-both_sexes.tsv.bgz.tbi,s3://pan-ukb-us-east-1/sumstats_flat_files/phecode-250.2-both_sexes.tsv.bgz,s3://pan-ukb-us-east-1/sumstats_flat_files_tabix/phecode-250.2-both_sexes.tsv.bgz.tbi,Direct,Locked,Exact disease endpoint: Type 2 diabetes.,Pan-UK Biobank,phenotype_manifest.tsv.bgz,0735065d06ea8ffb098c119ef419c821,58343c50b06be5cee7a56a1d1a38c30065aa4321a8d8e6b3471d971e0a5b812c,GRCh37
FGFR1-D003924,FGFR1,D003924,"Diabetes Mellitus, Type 2",Phase I,,True,B,['East Asian'],[],['East Asian'],1,1,0,1,0,1,False,phecode|250.2|both_sexes||,phecode,250.2,Type 2 diabetes,"CSA,EUR",2,phecode-250.2-both_sexes.tsv.bgz,phecode-250.2-both_sexes.tsv.bgz.tbi,s3://pan-ukb-us-east-1/sumstats_flat_files/phecode-250.2-both_sexes.tsv.bgz,s3://pan-ukb-us-east-1/sumstats_flat_files_tabix/phecode-250.2-both_sexes.tsv.bgz.tbi,Direct,Locked,Exact disease endpoint: Type 2 diabetes.,Pan-UK Biobank,phenotype_manifest.tsv.bgz,0735065d06ea8ffb098c119ef419c821,58343c50b06be5cee7a56a1d1a38c30065aa4321a8d8e6b3471d971e0a5b812c,GRCh37
FGFR1-D009765,FGFR1,D009765,Obesity,Phase I,,True,B,['European'],[],['European'],5,5,0,1,0,1,False,icd10|E66|both_sexes||,icd10,E66,E66 Obesity,"EUR,MID",2,icd10-E66-both_sexes.tsv.bgz,icd10-E66-both_sexes.tsv.bgz.tbi,s3://pan-ukb-us-east-1/sumstats_flat_files/icd10-E66-both_sexes.tsv.bgz,s3://pan-ukb-us-east-1/sumstats_flat_files_tabix/icd10-E66-both_sexes.tsv.bgz.tbi,Direct,Locked,Exact disease endpoint: ICD-10 E66 Obesity.,Pan-UK Biobank,phenotype_manifest.tsv.bgz,0735065d06ea8ffb098c119ef419c821,58343c50b06be5cee7a56a1d1a38c30065aa4321a8d8e6b3471d971e0a5b812c,GRCh37
FGFR3-D001249,FGFR3,D001249,Asthma,Phase III,,True,B,['European'],['European'],['European'],2,2,1,1,1,1,True,icd10|J45|both_sexes||,icd10,J45,J45 Asthma,"CSA,EUR,MID",3,icd10-J45-both_sexes.tsv.bgz,icd10-J45-both_sexes.tsv.bgz.tbi,s3://pan-ukb-us-east-1/sumstats_flat_files/icd10-J45-both_sexes.tsv.bgz,s3://pan-ukb-us-east-1/sumstats_flat_files_tabix/icd10-J45-both_sexes.tsv.bgz.tbi,Direct,Locked,Exact disease endpoint: ICD-10 J45 Asthma.,Pan-UK Biobank,phenotype_manifest.tsv.bgz,0735065d06ea8ffb098c119ef419c821,58343c50b06be5cee7a56a1d1a38c30065aa4321a8d8e6b3471d971e0a5b812c,GRCh37
FGFR4-D003924,FGFR4,D003924,"Diabetes Mellitus, Type 2",Phase II,,True,B,['East Asian' 'European' 'South Asian'],[],['East Asian' 'European' 'South Asian'],6,6,0,3,0,3,False,phecode|250.2|both_sexes||,phecode,250.2,Type 2 diabetes,"CSA,EUR",2,phecode-250.2-both_sexes.tsv.bgz,phecode-250.2-both_sexes.tsv.bgz.tbi,s3://pan-ukb-us-east-1/sumstats_flat_files/phecode-250.2-both_sexes.tsv.bgz,s3://pan-ukb-us-east-1/sumstats_flat_files_tabix/phecode-250.2-both_sexes.tsv.bgz.tbi,Direct,Locked,Exact disease endpoint: Type 2 diabetes.,Pan-UK Biobank,phenotype_manifest.tsv.bgz,0735065d06ea8ffb098c119ef419c821,58343c50b06be5cee7a56a1d1a38c30065aa4321a8d8e6b3471d971e0a5b812c,GRCh37
FGFR4-D009765,FGFR4,D009765,Obesity,Phase II,,True,B,['East Asian' 'European'],[],['East Asian' 'European'],6,6,0,2,0,2,False,icd10|E66|both_sexes||,icd10,E66,E66 Obesity,"EUR,MID",2,icd10-E66-both_sexes.tsv.bgz,icd10-E66-both_sexes.tsv.bgz.tbi,s3://pan-ukb-us-east-1/sumstats_flat_files/icd10-E66-both_sexes.tsv.bgz,s3://pan-ukb-us-east-1/sumstats_flat_files_tabix/icd10-E66-both_sexes.tsv.bgz.tbi,Direct,Locked,Exact disease endpoint: ICD-10 E66 Obesity.,Pan-UK Biobank,phenotype_manifest.tsv.bgz,0735065d06ea8ffb098c119ef419c821,58343c50b06be5cee7a56a1d1a38c30065aa4321a8d8e6b3471d971e0a5b812c,GRCh37
GATA3-D001249,GATA3,D001249,Asthma,Phase II,,True,B,['East Asian' 'European' 'NR'],['European' 'NR'],['East Asian' 'European' 'NR'],16,16,5,2,1,2,True,icd10|J45|both_sexes||,icd10,J45,J45 Asthma,"CSA,EUR,MID",3,icd10-J45-both_sexes.tsv.bgz,icd10-J45-both_sexes.tsv.bgz.tbi,s3://pan-ukb-us-east-1/sumstats_flat_files/icd10-J45-both_sexes.tsv.bgz,s3://pan-ukb-us-east-1/sumstats_flat_files_tabix/icd10-J45-both_sexes.tsv.bgz.tbi,Direct,Locked,Exact disease endpoint: ICD-10 J45 Asthma.,Pan-UK Biobank,phenotype_manifest.tsv.bgz,0735065d06ea8ffb098c119ef419c821,58343c50b06be5cee7a56a1d1a38c30065aa4321a8d8e6b3471d971e0a5b812c,GRCh37
GATA3-D029424,GATA3,D029424,"Pulmonary Disease, Chronic Obstructive",Phase II,,True,B,['East Asian' 'European' 'NR'],['European' 'NR'],['East Asian' 'European' 'NR'],16,16,5,2,1,2,True,icd10|J44|both_sexes||,icd10,J44,J44 Other chronic obstructive pulmonary disease,"CSA,EUR",2,icd10-J44-both_sexes.tsv.bgz,icd10-J44-both_sexes.tsv.bgz.tbi,s3://pan-ukb-us-east-1/sumstats_flat_files/icd10-J44-both_sexes.tsv.bgz,s3://pan-ukb-us-east-1/sumstats_flat_files_tabix/icd10-J44-both_sexes.tsv.bgz.tbi,Direct,Locked,Exact disease endpoint: ICD-10 J44 chronic obstructive pulmonary disease.,Pan-UK Biobank,phenotype_manifest.tsv.bgz,0735065d06ea8ffb098c119ef419c821,58343c50b06be5cee7a56a1d1a38c30065aa4321a8d8e6b3471d971e0a5b812c,GRCh37
GCK-D003920,GCK,D003920,Diabetes Mellitus,Phase I,,True,B,"['African' 'East Asian' 'European' 'Hispanic/Latin American' 'NR'
 'Native American' 'Other Asian' 'South Asian']",['East Asian' 'European' 'Hispanic/Latin American'],"['African' 'East Asian' 'European' 'Hispanic/Latin American' 'NR'
 'Native American' 'Other Asian' 'South Asian']",17,17,4,7,3,7,True,phecode|250|both_sexes||,phecode,250,Diabetes mellitus,"CSA,EUR",2,phecode-250-both_sexes.tsv.bgz,phecode-250-both_sexes.tsv.bgz.tbi,s3://pan-ukb-us-east-1/sumstats_flat_files/phecode-250-both_sexes.tsv.bgz,s3://pan-ukb-us-east-1/sumstats_flat_files_tabix/phecode-250-both_sexes.tsv.bgz.tbi,Direct,Locked,Exact broad endpoint: Diabetes mellitus; excludes the narrower type 2 endpoint.,Pan-UK Biobank,phenotype_manifest.tsv.bgz,0735065d06ea8ffb098c119ef419c821,58343c50b06be5cee7a56a1d1a38c30065aa4321a8d8e6b3471d971e0a5b812c,GRCh37
GCK-D003924,GCK,D003924,"Diabetes Mellitus, Type 2",Launched,,True,A,['African' 'East Asian' 'European' 'Hispanic/Latin American' 'South Asian'],[],['African' 'East Asian' 'European' 'Hispanic/Latin American' 'South Asian'],13,13,0,5,0,5,False,phecode|250.2|both_sexes||,phecode,250.2,Type 2 diabetes,"CSA,EUR",2,phecode-250.2-both_sexes.tsv.bgz,phecode-250.2-both_sexes.tsv.bgz.tbi,s3://pan-ukb-us-east-1/sumstats_flat_files/phecode-250.2-both_sexes.tsv.bgz,s3://pan-ukb-us-east-1/sumstats_flat_files_tabix/phecode-250.2-both_sexes.tsv.bgz.tbi,Direct,Locked,Exact disease endpoint: Type 2 diabetes.,Pan-UK Biobank,phenotype_manifest.tsv.bgz,0735065d06ea8ffb098c119ef419c821,58343c50b06be5cee7a56a1d1a38c30065aa4321a8d8e6b3471d971e0a5b812c,GRCh37
GDF15-D003920,GDF15,D003920,Diabetes Mellitus,Phase I,,True,B,['East Asian' 'European'],[],['East Asian' 'European'],1,1,0,2,0,2,False,phecode|250|both_sexes||,phecode,250,Diabetes mellitus,"CSA,EUR",2,phecode-250-both_sexes.tsv.bgz,phecode-250-both_sexes.tsv.bgz.tbi,s3://pan-ukb-us-east-1/sumstats_flat_files/phecode-250-both_sexes.tsv.bgz,s3://pan-ukb-us-east-1/sumstats_flat_files_tabix/phecode-250-both_sexes.tsv.bgz.tbi,Direct,Locked,Exact broad endpoint: Diabetes mellitus; excludes the narrower type 2 endpoint.,Pan-UK Biobank,phenotype_manifest.tsv.bgz,0735065d06ea8ffb098c119ef419c821,58343c50b06be5cee7a56a1d1a38c30065aa4321a8d8e6b3471d971e0a5b812c,GRCh37
GDF15-D009765,GDF15,D009765,Obesity,Phase I,,True,B,['European'],[],['European'],5,5,0,1,0,1,False,icd10|E66|both_sexes||,icd10,E66,E66 Obesity,"EUR,MID",2,icd10-E66-both_sexes.tsv.bgz,icd10-E66-both_sexes.tsv.bgz.tbi,s3://pan-ukb-us-east-1/sumstats_flat_files/icd10-E66-both_sexes.tsv.bgz,s3://pan-ukb-us-east-1/sumstats_flat_files_tabix/icd10-E66-both_sexes.tsv.bgz.tbi,Direct,Locked,Exact disease endpoint: ICD-10 E66 Obesity.,Pan-UK Biobank,phenotype_manifest.tsv.bgz,0735065d06ea8ffb098c119ef419c821,58343c50b06be5cee7a56a1d1a38c30065aa4321a8d8e6b3471d971e0a5b812c,GRCh37
GFRAL-D009765,GFRAL,D009765,Obesity,Phase I,,True,B,['African' 'East Asian' 'European' 'Hispanic/Latin American' 'South Asian'],['European'],['African' 'East Asian' 'European' 'Hispanic/Latin American' 'South Asian'],3,3,1,5,1,5,True,icd10|E66|both_sexes||,icd10,E66,E66 Obesity,"EUR,MID",2,icd10-E66-both_sexes.tsv.bgz,icd10-E66-both_sexes.tsv.bgz.tbi,s3://pan-ukb-us-east-1/sumstats_flat_files/icd10-E66-both_sexes.tsv.bgz,s3://pan-ukb-us-east-1/sumstats_flat_files_tabix/icd10-E66-both_sexes.tsv.bgz.tbi,Direct,Locked,Exact disease endpoint: ICD-10 E66 Obesity.,Pan-UK Biobank,phenotype_manifest.tsv.bgz,0735065d06ea8ffb098c119ef419c821,58343c50b06be5cee7a56a1d1a38c30065aa4321a8d8e6b3471d971e0a5b812c,GRCh37
GHR-D009765,GHR,D009765,Obesity,Phase II,,True,B,['East Asian' 'European'],[],['East Asian' 'European'],5,5,0,2,0,2,False,icd10|E66|both_sexes||,icd10,E66,E66 Obesity,"EUR,MID",2,icd10-E66-both_sexes.tsv.bgz,icd10-E66-both_sexes.tsv.bgz.tbi,s3://pan-ukb-us-east-1/sumstats_flat_files/icd10-E66-both_sexes.tsv.bgz,s3://pan-ukb-us-east-1/sumstats_flat_files_tabix/icd10-E66-both_sexes.tsv.bgz.tbi,Direct,Locked,Exact disease endpoint: ICD-10 E66 Obesity.,Pan-UK Biobank,phenotype_manifest.tsv.bgz,0735065d06ea8ffb098c119ef419c821,58343c50b06be5cee7a56a1d1a38c30065aa4321a8d8e6b3471d971e0a5b812c,GRCh37
GIPR-D003924,GIPR,D003924,"Diabetes Mellitus, Type 2",Launched,,True,A,"['African' 'East Asian' 'European' 'Hispanic/Latin American' 'NR'
 'South Asian']",['East Asian' 'European' 'South Asian'],"['African' 'East Asian' 'European' 'Hispanic/Latin American' 'NR'
 'South Asian']",10,10,1,5,3,5,True,phecode|250.2|both_sexes||,phecode,250.2,Type 2 diabetes,"CSA,EUR",2,phecode-250.2-both_sexes.tsv.bgz,phecode-250.2-both_sexes.tsv.bgz.tbi,s3://pan-ukb-us-east-1/sumstats_flat_files/phecode-250.2-both_sexes.tsv.bgz,s3://pan-ukb-us-east-1/sumstats_flat_files_tabix/phecode-250.2-both_sexes.tsv.bgz.tbi,Direct,Locked,Exact disease endpoint: Type 2 diabetes.,Pan-UK Biobank,phenotype_manifest.tsv.bgz,0735065d06ea8ffb098c119ef419c821,58343c50b06be5cee7a56a1d1a38c30065aa4321a8d8e6b3471d971e0a5b812c,GRCh37
GIPR-D009765,GIPR,D009765,Obesity,Phase III,,True,B,"['African' 'East Asian' 'European' 'Hispanic/Latin American'
 'Native American' 'Oceanian' 'Other Asian' 'South Asian']",['African' 'East Asian' 'European' 'NR' 'Other Asian' 'South Asian'],"['African' 'East Asian' 'European' 'Hispanic/Latin American' 'NR'
 'Native American' 'Oceanian' 'Other Asian' 'South Asian']",36,36,11,8,5,8,True,icd10|E66|both_sexes||,icd10,E66,E66 Obesity,"EUR,MID",2,icd10-E66-both_sexes.tsv.bgz,icd10-E66-both_sexes.tsv.bgz.tbi,s3://pan-ukb-us-east-1/sumstats_flat_files/icd10-E66-both_sexes.tsv.bgz,s3://pan-ukb-us-east-1/sumstats_flat_files_tabix/icd10-E66-both_sexes.tsv.bgz.tbi,Direct,Locked,Exact disease endpoint: ICD-10 E66 Obesity.,Pan-UK Biobank,phenotype_manifest.tsv.bgz,0735065d06ea8ffb098c119ef419c821,58343c50b06be5cee7a56a1d1a38c30065aa4321a8d8e6b3471d971e0a5b812c,GRCh37
GLP1R-D003920,GLP1R,D003920,Diabetes Mellitus,Phase I,,True,B,['European'],[],['European'],2,2,0,1,0,1,False,phecode|250|both_sexes||,phecode,250,Diabetes mellitus,"CSA,EUR",2,phecode-250-both_sexes.tsv.bgz,phecode-250-both_sexes.tsv.bgz.tbi,s3://pan-ukb-us-east-1/sumstats_flat_files/phecode-250-both_sexes.tsv.bgz,s3://pan-ukb-us-east-1/sumstats_flat_files_tabix/phecode-250-both_sexes.tsv.bgz.tbi,Direct,Locked,Exact broad endpoint: Diabetes mellitus; excludes the narrower type 2 endpoint.,Pan-UK Biobank,phenotype_manifest.tsv.bgz,0735065d06ea8ffb098c119ef419c821,58343c50b06be5cee7a56a1d1a38c30065aa4321a8d8e6b3471d971e0a5b812c,GRCh37
GLP1R-D003924,GLP1R,D003924,"Diabetes Mellitus, Type 2",Launched,,True,A,['African' 'East Asian' 'European' 'South Asian'],[],['African' 'East Asian' 'European' 'South Asian'],8,8,0,4,0,4,False,phecode|250.2|both_sexes||,phecode,250.2,Type 2 diabetes,"CSA,EUR",2,phecode-250.2-both_sexes.tsv.bgz,phecode-250.2-both_sexes.tsv.bgz.tbi,s3://pan-ukb-us-east-1/sumstats_flat_files/phecode-250.2-both_sexes.tsv.bgz,s3://pan-ukb-us-east-1/sumstats_flat_files_tabix/phecode-250.2-both_sexes.tsv.bgz.tbi,Direct,Locked,Exact disease endpoint: Type 2 diabetes.,Pan-UK Biobank,phenotype_manifest.tsv.bgz,0735065d06ea8ffb098c119ef419c821,58343c50b06be5cee7a56a1d1a38c30065aa4321a8d8e6b3471d971e0a5b812c,GRCh37
GLP1R-D009765,GLP1R,D009765,Obesity,Launched,,True,A,['East Asian' 'European'],[],['East Asian' 'European'],1,1,0,2,0,2,False,icd10|E66|both_sexes||,icd10,E66,E66 Obesity,"EUR,MID",2,icd10-E66-both_sexes.tsv.bgz,icd10-E66-both_sexes.tsv.bgz.tbi,s3://pan-ukb-us-east-1/sumstats_flat_files/icd10-E66-both_sexes.tsv.bgz,s3://pan-ukb-us-east-1/sumstats_flat_files_tabix/icd10-E66-both_sexes.tsv.bgz.tbi,Direct,Locked,Exact disease endpoint: ICD-10 E66 Obesity.,Pan-UK Biobank,phenotype_manifest.tsv.bgz,0735065d06ea8ffb098c119ef419c821,58343c50b06be5cee7a56a1d1a38c30065aa4321a8d8e6b3471d971e0a5b812c,GRCh37
GLP2R-D003924,GLP2R,D003924,"Diabetes Mellitus, Type 2",Phase I,,True,B,['African' 'East Asian' 'European' 'Hispanic/Latin American' 'South Asian'],['European'],['African' 'East Asian' 'European' 'Hispanic/Latin American' 'South Asian'],4,4,1,5,1,5,True,phecode|250.2|both_sexes||,phecode,250.2,Type 2 diabetes,"CSA,EUR",2,phecode-250.2-both_sexes.tsv.bgz,phecode-250.2-both_sexes.tsv.bgz.tbi,s3://pan-ukb-us-east-1/sumstats_flat_files/phecode-250.2-both_sexes.tsv.bgz,s3://pan-ukb-us-east-1/sumstats_flat_files_tabix/phecode-250.2-both_sexes.tsv.bgz.tbi,Direct,Locked,Exact disease endpoint: Type 2 diabetes.,Pan-UK Biobank,phenotype_manifest.tsv.bgz,0735065d06ea8ffb098c119ef419c821,58343c50b06be5cee7a56a1d1a38c30065aa4321a8d8e6b3471d971e0a5b812c,GRCh37
HCRTR1-D029424,HCRTR1,D029424,"Pulmonary Disease, Chronic Obstructive",Phase I,,True,B,['European'],[],['European'],2,2,0,1,0,1,False,icd10|J44|both_sexes||,icd10,J44,J44 Other chronic obstructive pulmonary disease,"CSA,EUR",2,icd10-J44-both_sexes.tsv.bgz,icd10-J44-both_sexes.tsv.bgz.tbi,s3://pan-ukb-us-east-1/sumstats_flat_files/icd10-J44-both_sexes.tsv.bgz,s3://pan-ukb-us-east-1/sumstats_flat_files_tabix/icd10-J44-both_sexes.tsv.bgz.tbi,Direct,Locked,Exact disease endpoint: ICD-10 J44 chronic obstructive pulmonary disease.,Pan-UK Biobank,phenotype_manifest.tsv.bgz,0735065d06ea8ffb098c119ef419c821,58343c50b06be5cee7a56a1d1a38c30065aa4321a8d8e6b3471d971e0a5b812c,GRCh37
HRH4-D001249,HRH4,D001249,Asthma,Phase II,,True,B,['European'],['European'],['European'],3,3,1,1,1,1,True,icd10|J45|both_sexes||,icd10,J45,J45 Asthma,"CSA,EUR,MID",3,icd10-J45-both_sexes.tsv.bgz,icd10-J45-both_sexes.tsv.bgz.tbi,s3://pan-ukb-us-east-1/sumstats_flat_files/icd10-J45-both_sexes.tsv.bgz,s3://pan-ukb-us-east-1/sumstats_flat_files_tabix/icd10-J45-both_sexes.tsv.bgz.tbi,Direct,Locked,Exact disease endpoint: ICD-10 J45 Asthma.,Pan-UK Biobank,phenotype_manifest.tsv.bgz,0735065d06ea8ffb098c119ef419c821,58343c50b06be5cee7a56a1d1a38c30065aa4321a8d8e6b3471d971e0a5b812c,GRCh37
HRH4-D029424,HRH4,D029424,"Pulmonary Disease, Chronic Obstructive",Phase II,,True,B,['European'],['European'],['European'],3,3,1,1,1,1,True,icd10|J44|both_sexes||,icd10,J44,J44 Other chronic obstructive pulmonary disease,"CSA,EUR",2,icd10-J44-both_sexes.tsv.bgz,icd10-J44-both_sexes.tsv.bgz.tbi,s3://pan-ukb-us-east-1/sumstats_flat_files/icd10-J44-both_sexes.tsv.bgz,s3://pan-ukb-us-east-1/sumstats_flat_files_tabix/icd10-J44-both_sexes.tsv.bgz.tbi,Direct,Locked,Exact disease endpoint: ICD-10 J44 chronic obstructive pulmonary disease.,Pan-UK Biobank,phenotype_manifest.tsv.bgz,0735065d06ea8ffb098c119ef419c821,58343c50b06be5cee7a56a1d1a38c30065aa4321a8d8e6b3471d971e0a5b812c,GRCh37
HSD11B1-D009765,HSD11B1,D009765,Obesity,Phase II,,True,B,['European'],[],['European'],9,9,0,1,0,1,False,icd10|E66|both_sexes||,icd10,E66,E66 Obesity,"EUR,MID",2,icd10-E66-both_sexes.tsv.bgz,icd10-E66-both_sexes.tsv.bgz.tbi,s3://pan-ukb-us-east-1/sumstats_flat_files/icd10-E66-both_sexes.tsv.bgz,s3://pan-ukb-us-east-1/sumstats_flat_files_tabix/icd10-E66-both_sexes.tsv.bgz.tbi,Direct,Locked,Exact disease endpoint: ICD-10 E66 Obesity.,Pan-UK Biobank,phenotype_manifest.tsv.bgz,0735065d06ea8ffb098c119ef419c821,58343c50b06be5cee7a56a1d1a38c30065aa4321a8d8e6b3471d971e0a5b812c,GRCh37
HTR1A-D009765,HTR1A,D009765,Obesity,Phase I,,True,B,['European'],[],['European'],12,12,0,1,0,1,False,icd10|E66|both_sexes||,icd10,E66,E66 Obesity,"EUR,MID",2,icd10-E66-both_sexes.tsv.bgz,icd10-E66-both_sexes.tsv.bgz.tbi,s3://pan-ukb-us-east-1/sumstats_flat_files/icd10-E66-both_sexes.tsv.bgz,s3://pan-ukb-us-east-1/sumstats_flat_files_tabix/icd10-E66-both_sexes.tsv.bgz.tbi,Direct,Locked,Exact disease endpoint: ICD-10 E66 Obesity.,Pan-UK Biobank,phenotype_manifest.tsv.bgz,0735065d06ea8ffb098c119ef419c821,58343c50b06be5cee7a56a1d1a38c30065aa4321a8d8e6b3471d971e0a5b812c,GRCh37
IAPP-D009765,IAPP,D009765,Obesity,Phase I,,True,B,['European'],[],['European'],2,2,0,1,0,1,False,icd10|E66|both_sexes||,icd10,E66,E66 Obesity,"EUR,MID",2,icd10-E66-both_sexes.tsv.bgz,icd10-E66-both_sexes.tsv.bgz.tbi,s3://pan-ukb-us-east-1/sumstats_flat_files/icd10-E66-both_sexes.tsv.bgz,s3://pan-ukb-us-east-1/sumstats_flat_files_tabix/icd10-E66-both_sexes.tsv.bgz.tbi,Direct,Locked,Exact disease endpoint: ICD-10 E66 Obesity.,Pan-UK Biobank,phenotype_manifest.tsv.bgz,0735065d06ea8ffb098c119ef419c821,58343c50b06be5cee7a56a1d1a38c30065aa4321a8d8e6b3471d971e0a5b812c,GRCh37
IL13-D001249,IL13,D001249,Asthma,Phase I,,True,B,['African' 'East Asian' 'European' 'Hispanic/Latin American' 'NR'],['European' 'NR'],['African' 'East Asian' 'European' 'Hispanic/Latin American' 'NR'],26,26,8,4,1,4,True,icd10|J45|both_sexes||,icd10,J45,J45 Asthma,"CSA,EUR,MID",3,icd10-J45-both_sexes.tsv.bgz,icd10-J45-both_sexes.tsv.bgz.tbi,s3://pan-ukb-us-east-1/sumstats_flat_files/icd10-J45-both_sexes.tsv.bgz,s3://pan-ukb-us-east-1/sumstats_flat_files_tabix/icd10-J45-both_sexes.tsv.bgz.tbi,Direct,Locked,Exact disease endpoint: ICD-10 J45 Asthma.,Pan-UK Biobank,phenotype_manifest.tsv.bgz,0735065d06ea8ffb098c119ef419c821,58343c50b06be5cee7a56a1d1a38c30065aa4321a8d8e6b3471d971e0a5b812c,GRCh37
IL13-D029424,IL13,D029424,"Pulmonary Disease, Chronic Obstructive",Phase II,,True,B,['African' 'East Asian' 'European' 'Hispanic/Latin American' 'NR'],['European' 'NR'],['African' 'East Asian' 'European' 'Hispanic/Latin American' 'NR'],22,22,5,4,1,4,True,icd10|J44|both_sexes||,icd10,J44,J44 Other chronic obstructive pulmonary disease,"CSA,EUR",2,icd10-J44-both_sexes.tsv.bgz,icd10-J44-both_sexes.tsv.bgz.tbi,s3://pan-ukb-us-east-1/sumstats_flat_files/icd10-J44-both_sexes.tsv.bgz,s3://pan-ukb-us-east-1/sumstats_flat_files_tabix/icd10-J44-both_sexes.tsv.bgz.tbi,Direct,Locked,Exact disease endpoint: ICD-10 J44 chronic obstructive pulmonary disease.,Pan-UK Biobank,phenotype_manifest.tsv.bgz,0735065d06ea8ffb098c119ef419c821,58343c50b06be5cee7a56a1d1a38c30065aa4321a8d8e6b3471d971e0a5b812c,GRCh37
IL17RB-D001249,IL17RB,D001249,Asthma,Phase I,,True,B,['European'],['European'],['European'],3,3,1,1,1,1,True,icd10|J45|both_sexes||,icd10,J45,J45 Asthma,"CSA,EUR,MID",3,icd10-J45-both_sexes.tsv.bgz,icd10-J45-both_sexes.tsv.bgz.tbi,s3://pan-ukb-us-east-1/sumstats_flat_files/icd10-J45-both_sexes.tsv.bgz,s3://pan-ukb-us-east-1/sumstats_flat_files_tabix/icd10-J45-both_sexes.tsv.bgz.tbi,Direct,Locked,Exact disease endpoint: ICD-10 J45 Asthma.,Pan-UK Biobank,phenotype_manifest.tsv.bgz,0735065d06ea8ffb098c119ef419c821,58343c50b06be5cee7a56a1d1a38c30065aa4321a8d8e6b3471d971e0a5b812c,GRCh37
IL1R1-D029424,IL1R1,D029424,"Pulmonary Disease, Chronic Obstructive",Phase II,,True,B,['European'],[],['European'],6,6,0,1,0,1,False,icd10|J44|both_sexes||,icd10,J44,J44 Other chronic obstructive pulmonary disease,"CSA,EUR",2,icd10-J44-both_sexes.tsv.bgz,icd10-J44-both_sexes.tsv.bgz.tbi,s3://pan-ukb-us-east-1/sumstats_flat_files/icd10-J44-both_sexes.tsv.bgz,s3://pan-ukb-us-east-1/sumstats_flat_files_tabix/icd10-J44-both_sexes.tsv.bgz.tbi,Direct,Locked,Exact disease endpoint: ICD-10 J44 chronic obstructive pulmonary disease.,Pan-UK Biobank,phenotype_manifest.tsv.bgz,0735065d06ea8ffb098c119ef419c821,58343c50b06be5cee7a56a1d1a38c30065aa4321a8d8e6b3471d971e0a5b812c,GRCh37
IL1RL1-D001249,IL1RL1,D001249,Asthma,Phase II,,True,B,['African' 'East Asian' 'European' 'Hispanic/Latin American' 'NR' 'Other'],['African' 'European' 'Hispanic/Latin American' 'NR'],['African' 'East Asian' 'European' 'Hispanic/Latin American' 'NR' 'Other'],48,48,10,5,3,5,True,icd10|J45|both_sexes||,icd10,J45,J45 Asthma,"CSA,EUR,MID",3,icd10-J45-both_sexes.tsv.bgz,icd10-J45-both_sexes.tsv.bgz.tbi,s3://pan-ukb-us-east-1/sumstats_flat_files/icd10-J45-both_sexes.tsv.bgz,s3://pan-ukb-us-east-1/sumstats_flat_files_tabix/icd10-J45-both_sexes.tsv.bgz.tbi,Direct,Locked,Exact disease endpoint: ICD-10 J45 Asthma.,Pan-UK Biobank,phenotype_manifest.tsv.bgz,0735065d06ea8ffb098c119ef419c821,58343c50b06be5cee7a56a1d1a38c30065aa4321a8d8e6b3471d971e0a5b812c,GRCh37
IL1RL1-D029424,IL1RL1,D029424,"Pulmonary Disease, Chronic Obstructive",Phase II,,True,B,['African' 'East Asian' 'European' 'Hispanic/Latin American' 'NR' 'Other'],['African' 'European' 'Hispanic/Latin American' 'NR'],['African' 'East Asian' 'European' 'Hispanic/Latin American' 'NR' 'Other'],42,42,9,5,3,5,True,icd10|J44|both_sexes||,icd10,J44,J44 Other chronic obstructive pulmonary disease,"CSA,EUR",2,icd10-J44-both_sexes.tsv.bgz,icd10-J44-both_sexes.tsv.bgz.tbi,s3://pan-ukb-us-east-1/sumstats_flat_files/icd10-J44-both_sexes.tsv.bgz,s3://pan-ukb-us-east-1/sumstats_flat_files_tabix/icd10-J44-both_sexes.tsv.bgz.tbi,Direct,Locked,Exact disease endpoint: ICD-10 J44 chronic obstructive pulmonary disease.,Pan-UK Biobank,phenotype_manifest.tsv.bgz,0735065d06ea8ffb098c119ef419c821,58343c50b06be5cee7a56a1d1a38c30065aa4321a8d8e6b3471d971e0a5b812c,GRCh37
IL3-D001249,IL3,D001249,Asthma,Phase I,,True,B,['European'],[],['European'],1,1,0,1,0,1,False,icd10|J45|both_sexes||,icd10,J45,J45 Asthma,"CSA,EUR,MID",3,icd10-J45-both_sexes.tsv.bgz,icd10-J45-both_sexes.tsv.bgz.tbi,s3://pan-ukb-us-east-1/sumstats_flat_files/icd10-J45-both_sexes.tsv.bgz,s3://pan-ukb-us-east-1/sumstats_flat_files_tabix/icd10-J45-both_sexes.tsv.bgz.tbi,Direct,Locked,Exact disease endpoint: ICD-10 J45 Asthma.,Pan-UK Biobank,phenotype_manifest.tsv.bgz,0735065d06ea8ffb098c119ef419c821,58343c50b06be5cee7a56a1d1a38c30065aa4321a8d8e6b3471d971e0a5b812c,GRCh37
IL33-D001249,IL33,D001249,Asthma,Phase II,,True,B,['African' 'East Asian' 'European' 'Hispanic/Latin American' 'NR' 'Other'],"['African' 'European' 'Hispanic/Latin American' 'Middle Eastern' 'NR'
 'Other']","['African' 'East Asian' 'European' 'Hispanic/Latin American'
 'Middle Eastern' 'NR' 'Other']",48,48,9,5,5,6,True,icd10|J45|both_sexes||,icd10,J45,J45 Asthma,"CSA,EUR,MID",3,icd10-J45-both_sexes.tsv.bgz,icd10-J45-both_sexes.tsv.bgz.tbi,s3://pan-ukb-us-east-1/sumstats_flat_files/icd10-J45-both_sexes.tsv.bgz,s3://pan-ukb-us-east-1/sumstats_flat_files_tabix/icd10-J45-both_sexes.tsv.bgz.tbi,Direct,Locked,Exact disease endpoint: ICD-10 J45 Asthma.,Pan-UK Biobank,phenotype_manifest.tsv.bgz,0735065d06ea8ffb098c119ef419c821,58343c50b06be5cee7a56a1d1a38c30065aa4321a8d8e6b3471d971e0a5b812c,GRCh37
IL33-D029424,IL33,D029424,"Pulmonary Disease, Chronic Obstructive",Phase III,,True,B,['African' 'East Asian' 'European' 'Hispanic/Latin American' 'NR' 'Other'],"['African' 'European' 'Hispanic/Latin American' 'Middle Eastern' 'NR'
 'Other']","['African' 'East Asian' 'European' 'Hispanic/Latin American'
 'Middle Eastern' 'NR' 'Other']",44,44,8,5,5,6,True,icd10|J44|both_sexes||,icd10,J44,J44 Other chronic obstructive pulmonary disease,"CSA,EUR",2,icd10-J44-both_sexes.tsv.bgz,icd10-J44-both_sexes.tsv.bgz.tbi,s3://pan-ukb-us-east-1/sumstats_flat_files/icd10-J44-both_sexes.tsv.bgz,s3://pan-ukb-us-east-1/sumstats_flat_files_tabix/icd10-J44-both_sexes.tsv.bgz.tbi,Direct,Locked,Exact disease endpoint: ICD-10 J44 chronic obstructive pulmonary disease.,Pan-UK Biobank,phenotype_manifest.tsv.bgz,0735065d06ea8ffb098c119ef419c821,58343c50b06be5cee7a56a1d1a38c30065aa4321a8d8e6b3471d971e0a5b812c,GRCh37
IL4R-D001249,IL4R,D001249,Asthma,Launched,2021.0,True,A,['African' 'East Asian' 'European' 'Hispanic/Latin American' 'NR'],['European' 'NR'],['African' 'East Asian' 'European' 'Hispanic/Latin American' 'NR'],28,28,4,4,1,4,True,icd10|J45|both_sexes||,icd10,J45,J45 Asthma,"CSA,EUR,MID",3,icd10-J45-both_sexes.tsv.bgz,icd10-J45-both_sexes.tsv.bgz.tbi,s3://pan-ukb-us-east-1/sumstats_flat_files/icd10-J45-both_sexes.tsv.bgz,s3://pan-ukb-us-east-1/sumstats_flat_files_tabix/icd10-J45-both_sexes.tsv.bgz.tbi,Direct,Locked,Exact disease endpoint: ICD-10 J45 Asthma.,Pan-UK Biobank,phenotype_manifest.tsv.bgz,0735065d06ea8ffb098c119ef419c821,58343c50b06be5cee7a56a1d1a38c30065aa4321a8d8e6b3471d971e0a5b812c,GRCh37
IL4R-D029424,IL4R,D029424,"Pulmonary Disease, Chronic Obstructive",Phase III,,True,B,['African' 'East Asian' 'European' 'Hispanic/Latin American' 'NR'],['European' 'NR'],['African' 'East Asian' 'European' 'Hispanic/Latin American' 'NR'],28,28,4,4,1,4,True,icd10|J44|both_sexes||,icd10,J44,J44 Other chronic obstructive pulmonary disease,"CSA,EUR",2,icd10-J44-both_sexes.tsv.bgz,icd10-J44-both_sexes.tsv.bgz.tbi,s3://pan-ukb-us-east-1/sumstats_flat_files/icd10-J44-both_sexes.tsv.bgz,s3://pan-ukb-us-east-1/sumstats_flat_files_tabix/icd10-J44-both_sexes.tsv.bgz.tbi,Direct,Locked,Exact disease endpoint: ICD-10 J44 chronic obstructive pulmonary disease.,Pan-UK Biobank,phenotype_manifest.tsv.bgz,0735065d06ea8ffb098c119ef419c821,58343c50b06be5cee7a56a1d1a38c30065aa4321a8d8e6b3471d971e0a5b812c,GRCh37
IL5-D001249,IL5,D001249,Asthma,Phase I,,True,B,['European'],['European' 'NR'],['European' 'NR'],11,11,6,1,1,1,True,icd10|J45|both_sexes||,icd10,J45,J45 Asthma,"CSA,EUR,MID",3,icd10-J45-both_sexes.tsv.bgz,icd10-J45-both_sexes.tsv.bgz.tbi,s3://pan-ukb-us-east-1/sumstats_flat_files/icd10-J45-both_sexes.tsv.bgz,s3://pan-ukb-us-east-1/sumstats_flat_files_tabix/icd10-J45-both_sexes.tsv.bgz.tbi,Direct,Locked,Exact disease endpoint: ICD-10 J45 Asthma.,Pan-UK Biobank,phenotype_manifest.tsv.bgz,0735065d06ea8ffb098c119ef419c821,58343c50b06be5cee7a56a1d1a38c30065aa4321a8d8e6b3471d971e0a5b812c,GRCh37
IL6-D001249,IL6,D001249,Asthma,Phase II,,True,B,['African' 'East Asian' 'European' 'Hispanic/Latin American' 'NR'],['European' 'NR'],['African' 'East Asian' 'European' 'Hispanic/Latin American' 'NR'],12,12,2,4,1,4,True,icd10|J45|both_sexes||,icd10,J45,J45 Asthma,"CSA,EUR,MID",3,icd10-J45-both_sexes.tsv.bgz,icd10-J45-both_sexes.tsv.bgz.tbi,s3://pan-ukb-us-east-1/sumstats_flat_files/icd10-J45-both_sexes.tsv.bgz,s3://pan-ukb-us-east-1/sumstats_flat_files_tabix/icd10-J45-both_sexes.tsv.bgz.tbi,Direct,Locked,Exact disease endpoint: ICD-10 J45 Asthma.,Pan-UK Biobank,phenotype_manifest.tsv.bgz,0735065d06ea8ffb098c119ef419c821,58343c50b06be5cee7a56a1d1a38c30065aa4321a8d8e6b3471d971e0a5b812c,GRCh37
INS-D003920,INS,D003920,Diabetes Mellitus,Phase II,,True,B,['African' 'European' 'South Asian'],[],['African' 'European' 'South Asian'],5,5,0,3,0,3,False,phecode|250|both_sexes||,phecode,250,Diabetes mellitus,"CSA,EUR",2,phecode-250-both_sexes.tsv.bgz,phecode-250-both_sexes.tsv.bgz.tbi,s3://pan-ukb-us-east-1/sumstats_flat_files/phecode-250-both_sexes.tsv.bgz,s3://pan-ukb-us-east-1/sumstats_flat_files_tabix/phecode-250-both_sexes.tsv.bgz.tbi,Direct,Locked,Exact broad endpoint: Diabetes mellitus; excludes the narrower type 2 endpoint.,Pan-UK Biobank,phenotype_manifest.tsv.bgz,0735065d06ea8ffb098c119ef419c821,58343c50b06be5cee7a56a1d1a38c30065aa4321a8d8e6b3471d971e0a5b812c,GRCh37
INS-D003924,INS,D003924,"Diabetes Mellitus, Type 2",Launched,,True,A,['East Asian' 'European' 'NR' 'South Asian'],['East Asian' 'European' 'Hispanic/Latin American' 'South Asian'],['East Asian' 'European' 'Hispanic/Latin American' 'NR' 'South Asian'],2,2,2,3,4,4,True,phecode|250.2|both_sexes||,phecode,250.2,Type 2 diabetes,"CSA,EUR",2,phecode-250.2-both_sexes.tsv.bgz,phecode-250.2-both_sexes.tsv.bgz.tbi,s3://pan-ukb-us-east-1/sumstats_flat_files/phecode-250.2-both_sexes.tsv.bgz,s3://pan-ukb-us-east-1/sumstats_flat_files_tabix/phecode-250.2-both_sexes.tsv.bgz.tbi,Direct,Locked,Exact disease endpoint: Type 2 diabetes.,Pan-UK Biobank,phenotype_manifest.tsv.bgz,0735065d06ea8ffb098c119ef419c821,58343c50b06be5cee7a56a1d1a38c30065aa4321a8d8e6b3471d971e0a5b812c,GRCh37
INSR-D003924,INSR,D003924,"Diabetes Mellitus, Type 2",Launched,2008.0,True,A,['African' 'East Asian' 'European' 'Hispanic/Latin American' 'South Asian'],[],['African' 'East Asian' 'European' 'Hispanic/Latin American' 'South Asian'],5,5,0,5,0,5,False,phecode|250.2|both_sexes||,phecode,250.2,Type 2 diabetes,"CSA,EUR",2,phecode-250.2-both_sexes.tsv.bgz,phecode-250.2-both_sexes.tsv.bgz.tbi,s3://pan-ukb-us-east-1/sumstats_flat_files/phecode-250.2-both_sexes.tsv.bgz,s3://pan-ukb-us-east-1/sumstats_flat_files_tabix/phecode-250.2-both_sexes.tsv.bgz.tbi,Direct,Locked,Exact disease endpoint: Type 2 diabetes.,Pan-UK Biobank,phenotype_manifest.tsv.bgz,0735065d06ea8ffb098c119ef419c821,58343c50b06be5cee7a56a1d1a38c30065aa4321a8d8e6b3471d971e0a5b812c,GRCh37
INSR-D009765,INSR,D009765,Obesity,Phase II,,True,B,['East Asian' 'European'],['African' 'European' 'Other Asian' 'South Asian'],['African' 'East Asian' 'European' 'Other Asian' 'South Asian'],6,6,1,2,4,5,True,icd10|E66|both_sexes||,icd10,E66,E66 Obesity,"EUR,MID",2,icd10-E66-both_sexes.tsv.bgz,icd10-E66-both_sexes.tsv.bgz.tbi,s3://pan-ukb-us-east-1/sumstats_flat_files/icd10-E66-both_sexes.tsv.bgz,s3://pan-ukb-us-east-1/sumstats_flat_files_tabix/icd10-E66-both_sexes.tsv.bgz.tbi,Direct,Locked,Exact disease endpoint: ICD-10 E66 Obesity.,Pan-UK Biobank,phenotype_manifest.tsv.bgz,0735065d06ea8ffb098c119ef419c821,58343c50b06be5cee7a56a1d1a38c30065aa4321a8d8e6b3471d971e0a5b812c,GRCh37
ITGB7-D001249,ITGB7,D001249,Asthma,Phase II,,True,B,['European'],[],['European'],2,2,0,1,0,1,False,icd10|J45|both_sexes||,icd10,J45,J45 Asthma,"CSA,EUR,MID",3,icd10-J45-both_sexes.tsv.bgz,icd10-J45-both_sexes.tsv.bgz.tbi,s3://pan-ukb-us-east-1/sumstats_flat_files/icd10-J45-both_sexes.tsv.bgz,s3://pan-ukb-us-east-1/sumstats_flat_files_tabix/icd10-J45-both_sexes.tsv.bgz.tbi,Direct,Locked,Exact disease endpoint: ICD-10 J45 Asthma.,Pan-UK Biobank,phenotype_manifest.tsv.bgz,0735065d06ea8ffb098c119ef419c821,58343c50b06be5cee7a56a1d1a38c30065aa4321a8d8e6b3471d971e0a5b812c,GRCh37
KCNJ11-D003920,KCNJ11,D003920,Diabetes Mellitus,Launched,2019.0,True,A,['African' 'East Asian' 'European' 'NR' 'South Asian'],[],['African' 'East Asian' 'European' 'NR' 'South Asian'],8,8,0,4,0,4,False,phecode|250|both_sexes||,phecode,250,Diabetes mellitus,"CSA,EUR",2,phecode-250-both_sexes.tsv.bgz,phecode-250-both_sexes.tsv.bgz.tbi,s3://pan-ukb-us-east-1/sumstats_flat_files/phecode-250-both_sexes.tsv.bgz,s3://pan-ukb-us-east-1/sumstats_flat_files_tabix/phecode-250-both_sexes.tsv.bgz.tbi,Direct,Locked,Exact broad endpoint: Diabetes mellitus; excludes the narrower type 2 endpoint.,Pan-UK Biobank,phenotype_manifest.tsv.bgz,0735065d06ea8ffb098c119ef419c821,58343c50b06be5cee7a56a1d1a38c30065aa4321a8d8e6b3471d971e0a5b812c,GRCh37
KCNJ11-D003924,KCNJ11,D003924,"Diabetes Mellitus, Type 2",Launched,,True,A,"['African' 'East Asian' 'European' 'Hispanic/Latin American' 'NR'
 'South Asian']",['East Asian' 'European' 'NR' 'South Asian'],"['African' 'East Asian' 'European' 'Hispanic/Latin American' 'NR'
 'South Asian']",22,22,7,5,3,5,True,phecode|250.2|both_sexes||,phecode,250.2,Type 2 diabetes,"CSA,EUR",2,phecode-250.2-both_sexes.tsv.bgz,phecode-250.2-both_sexes.tsv.bgz.tbi,s3://pan-ukb-us-east-1/sumstats_flat_files/phecode-250.2-both_sexes.tsv.bgz,s3://pan-ukb-us-east-1/sumstats_flat_files_tabix/phecode-250.2-both_sexes.tsv.bgz.tbi,Direct,Locked,Exact disease endpoint: Type 2 diabetes.,Pan-UK Biobank,phenotype_manifest.tsv.bgz,0735065d06ea8ffb098c119ef419c821,58343c50b06be5cee7a56a1d1a38c30065aa4321a8d8e6b3471d971e0a5b812c,GRCh37
KIT-D001249,KIT,D001249,Asthma,Phase III,,True,B,['European'],[],['European'],1,1,0,1,0,1,False,icd10|J45|both_sexes||,icd10,J45,J45 Asthma,"CSA,EUR,MID",3,icd10-J45-both_sexes.tsv.bgz,icd10-J45-both_sexes.tsv.bgz.tbi,s3://pan-ukb-us-east-1/sumstats_flat_files/icd10-J45-both_sexes.tsv.bgz,s3://pan-ukb-us-east-1/sumstats_flat_files_tabix/icd10-J45-both_sexes.tsv.bgz.tbi,Direct,Locked,Exact disease endpoint: ICD-10 J45 Asthma.,Pan-UK Biobank,phenotype_manifest.tsv.bgz,0735065d06ea8ffb098c119ef419c821,58343c50b06be5cee7a56a1d1a38c30065aa4321a8d8e6b3471d971e0a5b812c,GRCh37
LEPR-D009765,LEPR,D009765,Obesity,Phase I,,True,B,['European'],['European'],['European'],3,3,2,1,1,1,True,icd10|E66|both_sexes||,icd10,E66,E66 Obesity,"EUR,MID",2,icd10-E66-both_sexes.tsv.bgz,icd10-E66-both_sexes.tsv.bgz.tbi,s3://pan-ukb-us-east-1/sumstats_flat_files/icd10-E66-both_sexes.tsv.bgz,s3://pan-ukb-us-east-1/sumstats_flat_files_tabix/icd10-E66-both_sexes.tsv.bgz.tbi,Direct,Locked,Exact disease endpoint: ICD-10 E66 Obesity.,Pan-UK Biobank,phenotype_manifest.tsv.bgz,0735065d06ea8ffb098c119ef419c821,58343c50b06be5cee7a56a1d1a38c30065aa4321a8d8e6b3471d971e0a5b812c,GRCh37
MAPK1-D009765,MAPK1,D009765,Obesity,Phase II,,True,B,['African' 'East Asian' 'European' 'Hispanic/Latin American' 'South Asian'],['African' 'East Asian' 'European' 'NR' 'South Asian'],"['African' 'East Asian' 'European' 'Hispanic/Latin American' 'NR'
 'South Asian']",1,1,1,5,4,5,True,icd10|E66|both_sexes||,icd10,E66,E66 Obesity,"EUR,MID",2,icd10-E66-both_sexes.tsv.bgz,icd10-E66-both_sexes.tsv.bgz.tbi,s3://pan-ukb-us-east-1/sumstats_flat_files/icd10-E66-both_sexes.tsv.bgz,s3://pan-ukb-us-east-1/sumstats_flat_files_tabix/icd10-E66-both_sexes.tsv.bgz.tbi,Direct,Locked,Exact disease endpoint: ICD-10 E66 Obesity.,Pan-UK Biobank,phenotype_manifest.tsv.bgz,0735065d06ea8ffb098c119ef419c821,58343c50b06be5cee7a56a1d1a38c30065aa4321a8d8e6b3471d971e0a5b812c,GRCh37
MAPK3-D009765,MAPK3,D009765,Obesity,Phase II,,True,B,['European'],[],['European'],1,1,0,1,0,1,False,icd10|E66|both_sexes||,icd10,E66,E66 Obesity,"EUR,MID",2,icd10-E66-both_sexes.tsv.bgz,icd10-E66-both_sexes.tsv.bgz.tbi,s3://pan-ukb-us-east-1/sumstats_flat_files/icd10-E66-both_sexes.tsv.bgz,s3://pan-ukb-us-east-1/sumstats_flat_files_tabix/icd10-E66-both_sexes.tsv.bgz.tbi,Direct,Locked,Exact disease endpoint: ICD-10 E66 Obesity.,Pan-UK Biobank,phenotype_manifest.tsv.bgz,0735065d06ea8ffb098c119ef419c821,58343c50b06be5cee7a56a1d1a38c30065aa4321a8d8e6b3471d971e0a5b812c,GRCh37
MC1R-D009765,MC1R,D009765,Obesity,Phase I,,True,B,['European'],[],['European'],4,4,0,1,0,1,False,icd10|E66|both_sexes||,icd10,E66,E66 Obesity,"EUR,MID",2,icd10-E66-both_sexes.tsv.bgz,icd10-E66-both_sexes.tsv.bgz.tbi,s3://pan-ukb-us-east-1/sumstats_flat_files/icd10-E66-both_sexes.tsv.bgz,s3://pan-ukb-us-east-1/sumstats_flat_files_tabix/icd10-E66-both_sexes.tsv.bgz.tbi,Direct,Locked,Exact disease endpoint: ICD-10 E66 Obesity.,Pan-UK Biobank,phenotype_manifest.tsv.bgz,0735065d06ea8ffb098c119ef419c821,58343c50b06be5cee7a56a1d1a38c30065aa4321a8d8e6b3471d971e0a5b812c,GRCh37
MC4R-D003920,MC4R,D003920,Diabetes Mellitus,Phase I,,True,B,['East Asian' 'European'],[],['East Asian' 'European'],3,3,0,2,0,2,False,phecode|250|both_sexes||,phecode,250,Diabetes mellitus,"CSA,EUR",2,phecode-250-both_sexes.tsv.bgz,phecode-250-both_sexes.tsv.bgz.tbi,s3://pan-ukb-us-east-1/sumstats_flat_files/phecode-250-both_sexes.tsv.bgz,s3://pan-ukb-us-east-1/sumstats_flat_files_tabix/phecode-250-both_sexes.tsv.bgz.tbi,Direct,Locked,Exact broad endpoint: Diabetes mellitus; excludes the narrower type 2 endpoint.,Pan-UK Biobank,phenotype_manifest.tsv.bgz,0735065d06ea8ffb098c119ef419c821,58343c50b06be5cee7a56a1d1a38c30065aa4321a8d8e6b3471d971e0a5b812c,GRCh37
MC4R-D003924,MC4R,D003924,"Diabetes Mellitus, Type 2",Phase I,,True,B,"['African' 'East Asian' 'European' 'Hispanic/Latin American' 'NR'
 'South Asian']",['East Asian' 'European' 'South Asian'],"['African' 'East Asian' 'European' 'Hispanic/Latin American' 'NR'
 'South Asian']",15,15,2,5,3,5,True,phecode|250.2|both_sexes||,phecode,250.2,Type 2 diabetes,"CSA,EUR",2,phecode-250.2-both_sexes.tsv.bgz,phecode-250.2-both_sexes.tsv.bgz.tbi,s3://pan-ukb-us-east-1/sumstats_flat_files/phecode-250.2-both_sexes.tsv.bgz,s3://pan-ukb-us-east-1/sumstats_flat_files_tabix/phecode-250.2-both_sexes.tsv.bgz.tbi,Direct,Locked,Exact disease endpoint: Type 2 diabetes.,Pan-UK Biobank,phenotype_manifest.tsv.bgz,0735065d06ea8ffb098c119ef419c821,58343c50b06be5cee7a56a1d1a38c30065aa4321a8d8e6b3471d971e0a5b812c,GRCh37
MC4R-D009765,MC4R,D009765,Obesity,Launched,2022.0,True,A,"['African' 'East Asian' 'European' 'Hispanic/Latin American' 'NR'
 'Native American' 'Oceanian' 'Other Asian' 'South Asian']",['African' 'East Asian' 'European' 'NR' 'Other Asian' 'South Asian'],"['African' 'East Asian' 'European' 'Hispanic/Latin American' 'NR'
 'Native American' 'Oceanian' 'Other Asian' 'South Asian']",60,60,31,8,5,8,True,icd10|E66|both_sexes||,icd10,E66,E66 Obesity,"EUR,MID",2,icd10-E66-both_sexes.tsv.bgz,icd10-E66-both_sexes.tsv.bgz.tbi,s3://pan-ukb-us-east-1/sumstats_flat_files/icd10-E66-both_sexes.tsv.bgz,s3://pan-ukb-us-east-1/sumstats_flat_files_tabix/icd10-E66-both_sexes.tsv.bgz.tbi,Direct,Locked,Exact disease endpoint: ICD-10 E66 Obesity.,Pan-UK Biobank,phenotype_manifest.tsv.bgz,0735065d06ea8ffb098c119ef419c821,58343c50b06be5cee7a56a1d1a38c30065aa4321a8d8e6b3471d971e0a5b812c,GRCh37
METAP2-D003924,METAP2,D003924,"Diabetes Mellitus, Type 2",Phase II,,True,B,['African' 'East Asian' 'European' 'Hispanic/Latin American' 'South Asian'],[],['African' 'East Asian' 'European' 'Hispanic/Latin American' 'South Asian'],3,3,0,5,0,5,False,phecode|250.2|both_sexes||,phecode,250.2,Type 2 diabetes,"CSA,EUR",2,phecode-250.2-both_sexes.tsv.bgz,phecode-250.2-both_sexes.tsv.bgz.tbi,s3://pan-ukb-us-east-1/sumstats_flat_files/phecode-250.2-both_sexes.tsv.bgz,s3://pan-ukb-us-east-1/sumstats_flat_files_tabix/phecode-250.2-both_sexes.tsv.bgz.tbi,Direct,Locked,Exact disease endpoint: Type 2 diabetes.,Pan-UK Biobank,phenotype_manifest.tsv.bgz,0735065d06ea8ffb098c119ef419c821,58343c50b06be5cee7a56a1d1a38c30065aa4321a8d8e6b3471d971e0a5b812c,GRCh37
MME-D006973,MME,D006973,Hypertension,Phase II,,True,B,"['African' 'East Asian' 'European' 'Hispanic/Latin American' 'NR'
 'Native American' 'Other' 'Other Asian' 'South Asian']",['European' 'NR'],"['African' 'East Asian' 'European' 'Hispanic/Latin American' 'NR'
 'Native American' 'Other' 'Other Asian' 'South Asian']",7,7,2,8,1,8,True,phecode|401|both_sexes||,phecode,401,Hypertension,"CSA,EUR",2,phecode-401-both_sexes.tsv.bgz,phecode-401-both_sexes.tsv.bgz.tbi,s3://pan-ukb-us-east-1/sumstats_flat_files/phecode-401-both_sexes.tsv.bgz,s3://pan-ukb-us-east-1/sumstats_flat_files_tabix/phecode-401-both_sexes.tsv.bgz.tbi,Direct,Locked,Exact broad endpoint: Hypertension; excludes narrower essential hypertension.,Pan-UK Biobank,phenotype_manifest.tsv.bgz,0735065d06ea8ffb098c119ef419c821,58343c50b06be5cee7a56a1d1a38c30065aa4321a8d8e6b3471d971e0a5b812c,GRCh37
MMP12-D001249,MMP12,D001249,Asthma,Phase II,,True,B,['African' 'European'],['NR'],['African' 'European' 'NR'],1,1,1,2,0,2,True,icd10|J45|both_sexes||,icd10,J45,J45 Asthma,"CSA,EUR,MID",3,icd10-J45-both_sexes.tsv.bgz,icd10-J45-both_sexes.tsv.bgz.tbi,s3://pan-ukb-us-east-1/sumstats_flat_files/icd10-J45-both_sexes.tsv.bgz,s3://pan-ukb-us-east-1/sumstats_flat_files_tabix/icd10-J45-both_sexes.tsv.bgz.tbi,Direct,Locked,Exact disease endpoint: ICD-10 J45 Asthma.,Pan-UK Biobank,phenotype_manifest.tsv.bgz,0735065d06ea8ffb098c119ef419c821,58343c50b06be5cee7a56a1d1a38c30065aa4321a8d8e6b3471d971e0a5b812c,GRCh37
MTTP-D009765,MTTP,D009765,Obesity,Phase II,,True,B,['European'],[],['European'],1,1,0,1,0,1,False,icd10|E66|both_sexes||,icd10,E66,E66 Obesity,"EUR,MID",2,icd10-E66-both_sexes.tsv.bgz,icd10-E66-both_sexes.tsv.bgz.tbi,s3://pan-ukb-us-east-1/sumstats_flat_files/icd10-E66-both_sexes.tsv.bgz,s3://pan-ukb-us-east-1/sumstats_flat_files_tabix/icd10-E66-both_sexes.tsv.bgz.tbi,Direct,Locked,Exact disease endpoint: ICD-10 E66 Obesity.,Pan-UK Biobank,phenotype_manifest.tsv.bgz,0735065d06ea8ffb098c119ef419c821,58343c50b06be5cee7a56a1d1a38c30065aa4321a8d8e6b3471d971e0a5b812c,GRCh37
NFKB1-D001249,NFKB1,D001249,Asthma,Phase II,,True,B,['European' 'NR'],['European' 'NR'],['European' 'NR'],1,1,1,1,1,1,True,icd10|J45|both_sexes||,icd10,J45,J45 Asthma,"CSA,EUR,MID",3,icd10-J45-both_sexes.tsv.bgz,icd10-J45-both_sexes.tsv.bgz.tbi,s3://pan-ukb-us-east-1/sumstats_flat_files/icd10-J45-both_sexes.tsv.bgz,s3://pan-ukb-us-east-1/sumstats_flat_files_tabix/icd10-J45-both_sexes.tsv.bgz.tbi,Direct,Locked,Exact disease endpoint: ICD-10 J45 Asthma.,Pan-UK Biobank,phenotype_manifest.tsv.bgz,0735065d06ea8ffb098c119ef419c821,58343c50b06be5cee7a56a1d1a38c30065aa4321a8d8e6b3471d971e0a5b812c,GRCh37
NPR1-D006973,NPR1,D006973,Hypertension,Phase I,,True,B,['European' 'NR'],['European'],['European' 'NR'],7,7,3,1,1,1,True,phecode|401|both_sexes||,phecode,401,Hypertension,"CSA,EUR",2,phecode-401-both_sexes.tsv.bgz,phecode-401-both_sexes.tsv.bgz.tbi,s3://pan-ukb-us-east-1/sumstats_flat_files/phecode-401-both_sexes.tsv.bgz,s3://pan-ukb-us-east-1/sumstats_flat_files_tabix/phecode-401-both_sexes.tsv.bgz.tbi,Direct,Locked,Exact broad endpoint: Hypertension; excludes narrower essential hypertension.,Pan-UK Biobank,phenotype_manifest.tsv.bgz,0735065d06ea8ffb098c119ef419c821,58343c50b06be5cee7a56a1d1a38c30065aa4321a8d8e6b3471d971e0a5b812c,GRCh37
NPY-D009765,NPY,D009765,Obesity,Phase II,,True,B,['European'],[],['European'],5,5,0,1,0,1,False,icd10|E66|both_sexes||,icd10,E66,E66 Obesity,"EUR,MID",2,icd10-E66-both_sexes.tsv.bgz,icd10-E66-both_sexes.tsv.bgz.tbi,s3://pan-ukb-us-east-1/sumstats_flat_files/icd10-E66-both_sexes.tsv.bgz,s3://pan-ukb-us-east-1/sumstats_flat_files_tabix/icd10-E66-both_sexes.tsv.bgz.tbi,Direct,Locked,Exact disease endpoint: ICD-10 E66 Obesity.,Pan-UK Biobank,phenotype_manifest.tsv.bgz,0735065d06ea8ffb098c119ef419c821,58343c50b06be5cee7a56a1d1a38c30065aa4321a8d8e6b3471d971e0a5b812c,GRCh37
NPY5R-D009765,NPY5R,D009765,Obesity,Phase II,,True,B,['European'],[],['European'],2,2,0,1,0,1,False,icd10|E66|both_sexes||,icd10,E66,E66 Obesity,"EUR,MID",2,icd10-E66-both_sexes.tsv.bgz,icd10-E66-both_sexes.tsv.bgz.tbi,s3://pan-ukb-us-east-1/sumstats_flat_files/icd10-E66-both_sexes.tsv.bgz,s3://pan-ukb-us-east-1/sumstats_flat_files_tabix/icd10-E66-both_sexes.tsv.bgz.tbi,Direct,Locked,Exact disease endpoint: ICD-10 E66 Obesity.,Pan-UK Biobank,phenotype_manifest.tsv.bgz,0735065d06ea8ffb098c119ef419c821,58343c50b06be5cee7a56a1d1a38c30065aa4321a8d8e6b3471d971e0a5b812c,GRCh37
NR3C1-D001249,NR3C1,D001249,Asthma,Launched,2001.0,True,A,['European'],['European'],['European'],6,6,2,1,1,1,True,icd10|J45|both_sexes||,icd10,J45,J45 Asthma,"CSA,EUR,MID",3,icd10-J45-both_sexes.tsv.bgz,icd10-J45-both_sexes.tsv.bgz.tbi,s3://pan-ukb-us-east-1/sumstats_flat_files/icd10-J45-both_sexes.tsv.bgz,s3://pan-ukb-us-east-1/sumstats_flat_files_tabix/icd10-J45-both_sexes.tsv.bgz.tbi,Direct,Locked,Exact disease endpoint: ICD-10 J45 Asthma.,Pan-UK Biobank,phenotype_manifest.tsv.bgz,0735065d06ea8ffb098c119ef419c821,58343c50b06be5cee7a56a1d1a38c30065aa4321a8d8e6b3471d971e0a5b812c,GRCh37
NR3C1-D009765,NR3C1,D009765,Obesity,Phase II,,True,B,['European'],[],['European'],4,4,0,1,0,1,False,icd10|E66|both_sexes||,icd10,E66,E66 Obesity,"EUR,MID",2,icd10-E66-both_sexes.tsv.bgz,icd10-E66-both_sexes.tsv.bgz.tbi,s3://pan-ukb-us-east-1/sumstats_flat_files/icd10-E66-both_sexes.tsv.bgz,s3://pan-ukb-us-east-1/sumstats_flat_files_tabix/icd10-E66-both_sexes.tsv.bgz.tbi,Direct,Locked,Exact disease endpoint: ICD-10 E66 Obesity.,Pan-UK Biobank,phenotype_manifest.tsv.bgz,0735065d06ea8ffb098c119ef419c821,58343c50b06be5cee7a56a1d1a38c30065aa4321a8d8e6b3471d971e0a5b812c,GRCh37
NR3C1-D029424,NR3C1,D029424,"Pulmonary Disease, Chronic Obstructive",Launched,2012.0,True,A,['European'],['European'],['European'],6,6,2,1,1,1,True,icd10|J44|both_sexes||,icd10,J44,J44 Other chronic obstructive pulmonary disease,"CSA,EUR",2,icd10-J44-both_sexes.tsv.bgz,icd10-J44-both_sexes.tsv.bgz.tbi,s3://pan-ukb-us-east-1/sumstats_flat_files/icd10-J44-both_sexes.tsv.bgz,s3://pan-ukb-us-east-1/sumstats_flat_files_tabix/icd10-J44-both_sexes.tsv.bgz.tbi,Direct,Locked,Exact disease endpoint: ICD-10 J44 chronic obstructive pulmonary disease.,Pan-UK Biobank,phenotype_manifest.tsv.bgz,0735065d06ea8ffb098c119ef419c821,58343c50b06be5cee7a56a1d1a38c30065aa4321a8d8e6b3471d971e0a5b812c,GRCh37
OPRL1-D006973,OPRL1,D006973,Hypertension,Phase II,,True,B,"['African' 'East Asian' 'European' 'Hispanic/Latin American' 'NR'
 'Native American' 'Other' 'Other Asian' 'South Asian']",['European' 'NR'],"['African' 'East Asian' 'European' 'Hispanic/Latin American' 'NR'
 'Native American' 'Other' 'Other Asian' 'South Asian']",6,6,3,8,1,8,True,phecode|401|both_sexes||,phecode,401,Hypertension,"CSA,EUR",2,phecode-401-both_sexes.tsv.bgz,phecode-401-both_sexes.tsv.bgz.tbi,s3://pan-ukb-us-east-1/sumstats_flat_files/phecode-401-both_sexes.tsv.bgz,s3://pan-ukb-us-east-1/sumstats_flat_files_tabix/phecode-401-both_sexes.tsv.bgz.tbi,Direct,Locked,Exact broad endpoint: Hypertension; excludes narrower essential hypertension.,Pan-UK Biobank,phenotype_manifest.tsv.bgz,0735065d06ea8ffb098c119ef419c821,58343c50b06be5cee7a56a1d1a38c30065aa4321a8d8e6b3471d971e0a5b812c,GRCh37
OPRM1-D009765,OPRM1,D009765,Obesity,Phase II,,True,B,['East Asian' 'European'],[],['East Asian' 'European'],12,12,0,2,0,2,False,icd10|E66|both_sexes||,icd10,E66,E66 Obesity,"EUR,MID",2,icd10-E66-both_sexes.tsv.bgz,icd10-E66-both_sexes.tsv.bgz.tbi,s3://pan-ukb-us-east-1/sumstats_flat_files/icd10-E66-both_sexes.tsv.bgz,s3://pan-ukb-us-east-1/sumstats_flat_files_tabix/icd10-E66-both_sexes.tsv.bgz.tbi,Direct,Locked,Exact disease endpoint: ICD-10 E66 Obesity.,Pan-UK Biobank,phenotype_manifest.tsv.bgz,0735065d06ea8ffb098c119ef419c821,58343c50b06be5cee7a56a1d1a38c30065aa4321a8d8e6b3471d971e0a5b812c,GRCh37
P2RY2-D001249,P2RY2,D001249,Asthma,Phase I,,True,B,['European'],[],['European'],1,1,0,1,0,1,False,icd10|J45|both_sexes||,icd10,J45,J45 Asthma,"CSA,EUR,MID",3,icd10-J45-both_sexes.tsv.bgz,icd10-J45-both_sexes.tsv.bgz.tbi,s3://pan-ukb-us-east-1/sumstats_flat_files/icd10-J45-both_sexes.tsv.bgz,s3://pan-ukb-us-east-1/sumstats_flat_files_tabix/icd10-J45-both_sexes.tsv.bgz.tbi,Direct,Locked,Exact disease endpoint: ICD-10 J45 Asthma.,Pan-UK Biobank,phenotype_manifest.tsv.bgz,0735065d06ea8ffb098c119ef419c821,58343c50b06be5cee7a56a1d1a38c30065aa4321a8d8e6b3471d971e0a5b812c,GRCh37
PDE3A-D001249,PDE3A,D001249,Asthma,Phase II,,True,B,['European'],['European'],['European'],3,3,1,1,1,1,True,icd10|J45|both_sexes||,icd10,J45,J45 Asthma,"CSA,EUR,MID",3,icd10-J45-both_sexes.tsv.bgz,icd10-J45-both_sexes.tsv.bgz.tbi,s3://pan-ukb-us-east-1/sumstats_flat_files/icd10-J45-both_sexes.tsv.bgz,s3://pan-ukb-us-east-1/sumstats_flat_files_tabix/icd10-J45-both_sexes.tsv.bgz.tbi,Direct,Locked,Exact disease endpoint: ICD-10 J45 Asthma.,Pan-UK Biobank,phenotype_manifest.tsv.bgz,0735065d06ea8ffb098c119ef419c821,58343c50b06be5cee7a56a1d1a38c30065aa4321a8d8e6b3471d971e0a5b812c,GRCh37
PDE3A-D029424,PDE3A,D029424,"Pulmonary Disease, Chronic Obstructive",Phase III,,True,B,['European'],['European'],['European'],3,3,1,1,1,1,True,icd10|J44|both_sexes||,icd10,J44,J44 Other chronic obstructive pulmonary disease,"CSA,EUR",2,icd10-J44-both_sexes.tsv.bgz,icd10-J44-both_sexes.tsv.bgz.tbi,s3://pan-ukb-us-east-1/sumstats_flat_files/icd10-J44-both_sexes.tsv.bgz,s3://pan-ukb-us-east-1/sumstats_flat_files_tabix/icd10-J44-both_sexes.tsv.bgz.tbi,Direct,Locked,Exact disease endpoint: ICD-10 J44 chronic obstructive pulmonary disease.,Pan-UK Biobank,phenotype_manifest.tsv.bgz,0735065d06ea8ffb098c119ef419c821,58343c50b06be5cee7a56a1d1a38c30065aa4321a8d8e6b3471d971e0a5b812c,GRCh37
PDE4B-D001249,PDE4B,D001249,Asthma,Phase II,,True,B,['European'],[],['European'],3,3,0,1,0,1,False,icd10|J45|both_sexes||,icd10,J45,J45 Asthma,"CSA,EUR,MID",3,icd10-J45-both_sexes.tsv.bgz,icd10-J45-both_sexes.tsv.bgz.tbi,s3://pan-ukb-us-east-1/sumstats_flat_files/icd10-J45-both_sexes.tsv.bgz,s3://pan-ukb-us-east-1/sumstats_flat_files_tabix/icd10-J45-both_sexes.tsv.bgz.tbi,Direct,Locked,Exact disease endpoint: ICD-10 J45 Asthma.,Pan-UK Biobank,phenotype_manifest.tsv.bgz,0735065d06ea8ffb098c119ef419c821,58343c50b06be5cee7a56a1d1a38c30065aa4321a8d8e6b3471d971e0a5b812c,GRCh37
PDE4B-D029424,PDE4B,D029424,"Pulmonary Disease, Chronic Obstructive",Phase III,,True,B,['European'],[],['European'],3,3,0,1,0,1,False,icd10|J44|both_sexes||,icd10,J44,J44 Other chronic obstructive pulmonary disease,"CSA,EUR",2,icd10-J44-both_sexes.tsv.bgz,icd10-J44-both_sexes.tsv.bgz.tbi,s3://pan-ukb-us-east-1/sumstats_flat_files/icd10-J44-both_sexes.tsv.bgz,s3://pan-ukb-us-east-1/sumstats_flat_files_tabix/icd10-J44-both_sexes.tsv.bgz.tbi,Direct,Locked,Exact disease endpoint: ICD-10 J44 chronic obstructive pulmonary disease.,Pan-UK Biobank,phenotype_manifest.tsv.bgz,0735065d06ea8ffb098c119ef419c821,58343c50b06be5cee7a56a1d1a38c30065aa4321a8d8e6b3471d971e0a5b812c,GRCh37
PDE4D-D001249,PDE4D,D001249,Asthma,Phase II,,True,B,['European'],['African' 'European' 'Hispanic/Latin American'],['African' 'European' 'Hispanic/Latin American'],2,2,2,1,3,3,True,icd10|J45|both_sexes||,icd10,J45,J45 Asthma,"CSA,EUR,MID",3,icd10-J45-both_sexes.tsv.bgz,icd10-J45-both_sexes.tsv.bgz.tbi,s3://pan-ukb-us-east-1/sumstats_flat_files/icd10-J45-both_sexes.tsv.bgz,s3://pan-ukb-us-east-1/sumstats_flat_files_tabix/icd10-J45-both_sexes.tsv.bgz.tbi,Direct,Locked,Exact disease endpoint: ICD-10 J45 Asthma.,Pan-UK Biobank,phenotype_manifest.tsv.bgz,0735065d06ea8ffb098c119ef419c821,58343c50b06be5cee7a56a1d1a38c30065aa4321a8d8e6b3471d971e0a5b812c,GRCh37
PDE4D-D029424,PDE4D,D029424,"Pulmonary Disease, Chronic Obstructive",Phase III,,True,B,['European'],['African' 'European' 'Hispanic/Latin American'],['African' 'European' 'Hispanic/Latin American'],2,2,2,1,3,3,True,icd10|J44|both_sexes||,icd10,J44,J44 Other chronic obstructive pulmonary disease,"CSA,EUR",2,icd10-J44-both_sexes.tsv.bgz,icd10-J44-both_sexes.tsv.bgz.tbi,s3://pan-ukb-us-east-1/sumstats_flat_files/icd10-J44-both_sexes.tsv.bgz,s3://pan-ukb-us-east-1/sumstats_flat_files_tabix/icd10-J44-both_sexes.tsv.bgz.tbi,Direct,Locked,Exact disease endpoint: ICD-10 J44 chronic obstructive pulmonary disease.,Pan-UK Biobank,phenotype_manifest.tsv.bgz,0735065d06ea8ffb098c119ef419c821,58343c50b06be5cee7a56a1d1a38c30065aa4321a8d8e6b3471d971e0a5b812c,GRCh37
PDE5A-D006973,PDE5A,D006973,Hypertension,Phase II,,True,B,"['African' 'East Asian' 'European' 'Hispanic/Latin American' 'NR' 'Other'
 'South Asian']",['European'],"['African' 'East Asian' 'European' 'Hispanic/Latin American' 'NR' 'Other'
 'South Asian']",7,7,1,6,1,6,True,phecode|401|both_sexes||,phecode,401,Hypertension,"CSA,EUR",2,phecode-401-both_sexes.tsv.bgz,phecode-401-both_sexes.tsv.bgz.tbi,s3://pan-ukb-us-east-1/sumstats_flat_files/phecode-401-both_sexes.tsv.bgz,s3://pan-ukb-us-east-1/sumstats_flat_files_tabix/phecode-401-both_sexes.tsv.bgz.tbi,Direct,Locked,Exact broad endpoint: Hypertension; excludes narrower essential hypertension.,Pan-UK Biobank,phenotype_manifest.tsv.bgz,0735065d06ea8ffb098c119ef419c821,58343c50b06be5cee7a56a1d1a38c30065aa4321a8d8e6b3471d971e0a5b812c,GRCh37
PPARA-D009765,PPARA,D009765,Obesity,Launched,,True,A,['East Asian' 'European'],[],['East Asian' 'European'],8,8,0,2,0,2,False,icd10|E66|both_sexes||,icd10,E66,E66 Obesity,"EUR,MID",2,icd10-E66-both_sexes.tsv.bgz,icd10-E66-both_sexes.tsv.bgz.tbi,s3://pan-ukb-us-east-1/sumstats_flat_files/icd10-E66-both_sexes.tsv.bgz,s3://pan-ukb-us-east-1/sumstats_flat_files_tabix/icd10-E66-both_sexes.tsv.bgz.tbi,Direct,Locked,Exact disease endpoint: ICD-10 E66 Obesity.,Pan-UK Biobank,phenotype_manifest.tsv.bgz,0735065d06ea8ffb098c119ef419c821,58343c50b06be5cee7a56a1d1a38c30065aa4321a8d8e6b3471d971e0a5b812c,GRCh37
PPARD-D009765,PPARD,D009765,Obesity,Phase I,,True,B,['European'],[],['European'],3,3,0,1,0,1,False,icd10|E66|both_sexes||,icd10,E66,E66 Obesity,"EUR,MID",2,icd10-E66-both_sexes.tsv.bgz,icd10-E66-both_sexes.tsv.bgz.tbi,s3://pan-ukb-us-east-1/sumstats_flat_files/icd10-E66-both_sexes.tsv.bgz,s3://pan-ukb-us-east-1/sumstats_flat_files_tabix/icd10-E66-both_sexes.tsv.bgz.tbi,Direct,Locked,Exact disease endpoint: ICD-10 E66 Obesity.,Pan-UK Biobank,phenotype_manifest.tsv.bgz,0735065d06ea8ffb098c119ef419c821,58343c50b06be5cee7a56a1d1a38c30065aa4321a8d8e6b3471d971e0a5b812c,GRCh37
PPARG-D003924,PPARG,D003924,"Diabetes Mellitus, Type 2",Launched,,True,A,"['African' 'East Asian' 'European' 'Hispanic/Latin American' 'NR'
 'South Asian']",['East Asian' 'European' 'South Asian'],"['African' 'East Asian' 'European' 'Hispanic/Latin American' 'NR'
 'South Asian']",17,17,3,5,3,5,True,phecode|250.2|both_sexes||,phecode,250.2,Type 2 diabetes,"CSA,EUR",2,phecode-250.2-both_sexes.tsv.bgz,phecode-250.2-both_sexes.tsv.bgz.tbi,s3://pan-ukb-us-east-1/sumstats_flat_files/phecode-250.2-both_sexes.tsv.bgz,s3://pan-ukb-us-east-1/sumstats_flat_files_tabix/phecode-250.2-both_sexes.tsv.bgz.tbi,Direct,Locked,Exact disease endpoint: Type 2 diabetes.,Pan-UK Biobank,phenotype_manifest.tsv.bgz,0735065d06ea8ffb098c119ef419c821,58343c50b06be5cee7a56a1d1a38c30065aa4321a8d8e6b3471d971e0a5b812c,GRCh37
PPARG-D009765,PPARG,D009765,Obesity,Launched,,True,A,['African' 'East Asian' 'European' 'Hispanic/Latin American' 'South Asian'],['African' 'East Asian' 'European' 'NR' 'Other Asian' 'South Asian'],"['African' 'East Asian' 'European' 'Hispanic/Latin American' 'NR'
 'Other Asian' 'South Asian']",13,13,4,5,5,6,True,icd10|E66|both_sexes||,icd10,E66,E66 Obesity,"EUR,MID",2,icd10-E66-both_sexes.tsv.bgz,icd10-E66-both_sexes.tsv.bgz.tbi,s3://pan-ukb-us-east-1/sumstats_flat_files/icd10-E66-both_sexes.tsv.bgz,s3://pan-ukb-us-east-1/sumstats_flat_files_tabix/icd10-E66-both_sexes.tsv.bgz.tbi,Direct,Locked,Exact disease endpoint: ICD-10 E66 Obesity.,Pan-UK Biobank,phenotype_manifest.tsv.bgz,0735065d06ea8ffb098c119ef419c821,58343c50b06be5cee7a56a1d1a38c30065aa4321a8d8e6b3471d971e0a5b812c,GRCh37
RARG-D029424,RARG,D029424,"Pulmonary Disease, Chronic Obstructive",Phase I,,True,B,['European'],[],['European'],2,2,0,1,0,1,False,icd10|J44|both_sexes||,icd10,J44,J44 Other chronic obstructive pulmonary disease,"CSA,EUR",2,icd10-J44-both_sexes.tsv.bgz,icd10-J44-both_sexes.tsv.bgz.tbi,s3://pan-ukb-us-east-1/sumstats_flat_files/icd10-J44-both_sexes.tsv.bgz,s3://pan-ukb-us-east-1/sumstats_flat_files_tabix/icd10-J44-both_sexes.tsv.bgz.tbi,Direct,Locked,Exact disease endpoint: ICD-10 J44 chronic obstructive pulmonary disease.,Pan-UK Biobank,phenotype_manifest.tsv.bgz,0735065d06ea8ffb098c119ef419c821,58343c50b06be5cee7a56a1d1a38c30065aa4321a8d8e6b3471d971e0a5b812c,GRCh37
REN-D006973,REN,D006973,Hypertension,Launched,,True,A,['European'],[],['European'],1,1,0,1,0,1,False,phecode|401|both_sexes||,phecode,401,Hypertension,"CSA,EUR",2,phecode-401-both_sexes.tsv.bgz,phecode-401-both_sexes.tsv.bgz.tbi,s3://pan-ukb-us-east-1/sumstats_flat_files/phecode-401-both_sexes.tsv.bgz,s3://pan-ukb-us-east-1/sumstats_flat_files_tabix/phecode-401-both_sexes.tsv.bgz.tbi,Direct,Locked,Exact broad endpoint: Hypertension; excludes narrower essential hypertension.,Pan-UK Biobank,phenotype_manifest.tsv.bgz,0735065d06ea8ffb098c119ef419c821,58343c50b06be5cee7a56a1d1a38c30065aa4321a8d8e6b3471d971e0a5b812c,GRCh37
SELE-D003920,SELE,D003920,Diabetes Mellitus,Phase I,,True,B,['East Asian'],[],['East Asian'],1,1,0,1,0,1,False,phecode|250|both_sexes||,phecode,250,Diabetes mellitus,"CSA,EUR",2,phecode-250-both_sexes.tsv.bgz,phecode-250-both_sexes.tsv.bgz.tbi,s3://pan-ukb-us-east-1/sumstats_flat_files/phecode-250-both_sexes.tsv.bgz,s3://pan-ukb-us-east-1/sumstats_flat_files_tabix/phecode-250-both_sexes.tsv.bgz.tbi,Direct,Locked,Exact broad endpoint: Diabetes mellitus; excludes the narrower type 2 endpoint.,Pan-UK Biobank,phenotype_manifest.tsv.bgz,0735065d06ea8ffb098c119ef419c821,58343c50b06be5cee7a56a1d1a38c30065aa4321a8d8e6b3471d971e0a5b812c,GRCh37
SERPINA1-D029424,SERPINA1,D029424,"Pulmonary Disease, Chronic Obstructive",Phase I,,True,B,['European'],[],['European'],4,4,0,1,0,1,False,icd10|J44|both_sexes||,icd10,J44,J44 Other chronic obstructive pulmonary disease,"CSA,EUR",2,icd10-J44-both_sexes.tsv.bgz,icd10-J44-both_sexes.tsv.bgz.tbi,s3://pan-ukb-us-east-1/sumstats_flat_files/icd10-J44-both_sexes.tsv.bgz,s3://pan-ukb-us-east-1/sumstats_flat_files_tabix/icd10-J44-both_sexes.tsv.bgz.tbi,Direct,Locked,Exact disease endpoint: ICD-10 J44 chronic obstructive pulmonary disease.,Pan-UK Biobank,phenotype_manifest.tsv.bgz,0735065d06ea8ffb098c119ef419c821,58343c50b06be5cee7a56a1d1a38c30065aa4321a8d8e6b3471d971e0a5b812c,GRCh37
SLC12A2-D006973,SLC12A2,D006973,Hypertension,Phase II,,True,B,"['African' 'European' 'Hispanic/Latin American' 'Native American'
 'Other Asian']",['European' 'NR'],"['African' 'European' 'Hispanic/Latin American' 'NR' 'Native American'
 'Other Asian']",3,3,3,5,1,5,True,phecode|401|both_sexes||,phecode,401,Hypertension,"CSA,EUR",2,phecode-401-both_sexes.tsv.bgz,phecode-401-both_sexes.tsv.bgz.tbi,s3://pan-ukb-us-east-1/sumstats_flat_files/phecode-401-both_sexes.tsv.bgz,s3://pan-ukb-us-east-1/sumstats_flat_files_tabix/phecode-401-both_sexes.tsv.bgz.tbi,Direct,Locked,Exact broad endpoint: Hypertension; excludes narrower essential hypertension.,Pan-UK Biobank,phenotype_manifest.tsv.bgz,0735065d06ea8ffb098c119ef419c821,58343c50b06be5cee7a56a1d1a38c30065aa4321a8d8e6b3471d971e0a5b812c,GRCh37
SLC5A1-D003920,SLC5A1,D003920,Diabetes Mellitus,Phase I,,True,B,['African' 'East Asian' 'European' 'South Asian'],[],['African' 'East Asian' 'European' 'South Asian'],3,3,0,4,0,4,False,phecode|250|both_sexes||,phecode,250,Diabetes mellitus,"CSA,EUR",2,phecode-250-both_sexes.tsv.bgz,phecode-250-both_sexes.tsv.bgz.tbi,s3://pan-ukb-us-east-1/sumstats_flat_files/phecode-250-both_sexes.tsv.bgz,s3://pan-ukb-us-east-1/sumstats_flat_files_tabix/phecode-250-both_sexes.tsv.bgz.tbi,Direct,Locked,Exact broad endpoint: Diabetes mellitus; excludes the narrower type 2 endpoint.,Pan-UK Biobank,phenotype_manifest.tsv.bgz,0735065d06ea8ffb098c119ef419c821,58343c50b06be5cee7a56a1d1a38c30065aa4321a8d8e6b3471d971e0a5b812c,GRCh37
SLC5A1-D003924,SLC5A1,D003924,"Diabetes Mellitus, Type 2",Launched,,True,A,['European'],[],['European'],2,2,0,1,0,1,False,phecode|250.2|both_sexes||,phecode,250.2,Type 2 diabetes,"CSA,EUR",2,phecode-250.2-both_sexes.tsv.bgz,phecode-250.2-both_sexes.tsv.bgz.tbi,s3://pan-ukb-us-east-1/sumstats_flat_files/phecode-250.2-both_sexes.tsv.bgz,s3://pan-ukb-us-east-1/sumstats_flat_files_tabix/phecode-250.2-both_sexes.tsv.bgz.tbi,Direct,Locked,Exact disease endpoint: Type 2 diabetes.,Pan-UK Biobank,phenotype_manifest.tsv.bgz,0735065d06ea8ffb098c119ef419c821,58343c50b06be5cee7a56a1d1a38c30065aa4321a8d8e6b3471d971e0a5b812c,GRCh37
SLC6A4-D009765,SLC6A4,D009765,Obesity,Phase III,,True,B,['European'],[],['European'],3,3,0,1,0,1,False,icd10|E66|both_sexes||,icd10,E66,E66 Obesity,"EUR,MID",2,icd10-E66-both_sexes.tsv.bgz,icd10-E66-both_sexes.tsv.bgz.tbi,s3://pan-ukb-us-east-1/sumstats_flat_files/icd10-E66-both_sexes.tsv.bgz,s3://pan-ukb-us-east-1/sumstats_flat_files_tabix/icd10-E66-both_sexes.tsv.bgz.tbi,Direct,Locked,Exact disease endpoint: ICD-10 E66 Obesity.,Pan-UK Biobank,phenotype_manifest.tsv.bgz,0735065d06ea8ffb098c119ef419c821,58343c50b06be5cee7a56a1d1a38c30065aa4321a8d8e6b3471d971e0a5b812c,GRCh37
SREBF1-D003920,SREBF1,D003920,Diabetes Mellitus,Phase I,,True,B,['East Asian' 'European'],[],['East Asian' 'European'],2,2,0,2,0,2,False,phecode|250|both_sexes||,phecode,250,Diabetes mellitus,"CSA,EUR",2,phecode-250-both_sexes.tsv.bgz,phecode-250-both_sexes.tsv.bgz.tbi,s3://pan-ukb-us-east-1/sumstats_flat_files/phecode-250-both_sexes.tsv.bgz,s3://pan-ukb-us-east-1/sumstats_flat_files_tabix/phecode-250-both_sexes.tsv.bgz.tbi,Direct,Locked,Exact broad endpoint: Diabetes mellitus; excludes the narrower type 2 endpoint.,Pan-UK Biobank,phenotype_manifest.tsv.bgz,0735065d06ea8ffb098c119ef419c821,58343c50b06be5cee7a56a1d1a38c30065aa4321a8d8e6b3471d971e0a5b812c,GRCh37
SREBF1-D009765,SREBF1,D009765,Obesity,Phase I,,True,B,['East Asian'],['East Asian' 'European'],['East Asian' 'European'],1,1,1,1,2,2,True,icd10|E66|both_sexes||,icd10,E66,E66 Obesity,"EUR,MID",2,icd10-E66-both_sexes.tsv.bgz,icd10-E66-both_sexes.tsv.bgz.tbi,s3://pan-ukb-us-east-1/sumstats_flat_files/icd10-E66-both_sexes.tsv.bgz,s3://pan-ukb-us-east-1/sumstats_flat_files_tabix/icd10-E66-both_sexes.tsv.bgz.tbi,Direct,Locked,Exact disease endpoint: ICD-10 E66 Obesity.,Pan-UK Biobank,phenotype_manifest.tsv.bgz,0735065d06ea8ffb098c119ef419c821,58343c50b06be5cee7a56a1d1a38c30065aa4321a8d8e6b3471d971e0a5b812c,GRCh37
SREBF2-D009765,SREBF2,D009765,Obesity,Phase I,,True,B,['European'],[],['European'],2,2,0,1,0,1,False,icd10|E66|both_sexes||,icd10,E66,E66 Obesity,"EUR,MID",2,icd10-E66-both_sexes.tsv.bgz,icd10-E66-both_sexes.tsv.bgz.tbi,s3://pan-ukb-us-east-1/sumstats_flat_files/icd10-E66-both_sexes.tsv.bgz,s3://pan-ukb-us-east-1/sumstats_flat_files_tabix/icd10-E66-both_sexes.tsv.bgz.tbi,Direct,Locked,Exact disease endpoint: ICD-10 E66 Obesity.,Pan-UK Biobank,phenotype_manifest.tsv.bgz,0735065d06ea8ffb098c119ef419c821,58343c50b06be5cee7a56a1d1a38c30065aa4321a8d8e6b3471d971e0a5b812c,GRCh37
TGFB1-D010003,TGFB1,D010003,Osteoarthritis,Launched,,True,A,['NR'],[],['NR'],1,1,0,0,0,0,False,phecode|740|both_sexes||,phecode,740,Osteoarthrosis,"EUR,MID",2,phecode-740-both_sexes.tsv.bgz,phecode-740-both_sexes.tsv.bgz.tbi,s3://pan-ukb-us-east-1/sumstats_flat_files/phecode-740-both_sexes.tsv.bgz,s3://pan-ukb-us-east-1/sumstats_flat_files_tabix/phecode-740-both_sexes.tsv.bgz.tbi,Direct,Locked,Exact endpoint synonym: Osteoarthrosis for osteoarthritis; excludes site-specific hip/knee arthrosis.,Pan-UK Biobank,phenotype_manifest.tsv.bgz,0735065d06ea8ffb098c119ef419c821,58343c50b06be5cee7a56a1d1a38c30065aa4321a8d8e6b3471d971e0a5b812c,GRCh37
TNFSF15-D001249,TNFSF15,D001249,Asthma,Phase II,,True,B,['East Asian' 'European'],[],['East Asian' 'European'],2,2,0,2,0,2,False,icd10|J45|both_sexes||,icd10,J45,J45 Asthma,"CSA,EUR,MID",3,icd10-J45-both_sexes.tsv.bgz,icd10-J45-both_sexes.tsv.bgz.tbi,s3://pan-ukb-us-east-1/sumstats_flat_files/icd10-J45-both_sexes.tsv.bgz,s3://pan-ukb-us-east-1/sumstats_flat_files_tabix/icd10-J45-both_sexes.tsv.bgz.tbi,Direct,Locked,Exact disease endpoint: ICD-10 J45 Asthma.,Pan-UK Biobank,phenotype_manifest.tsv.bgz,0735065d06ea8ffb098c119ef419c821,58343c50b06be5cee7a56a1d1a38c30065aa4321a8d8e6b3471d971e0a5b812c,GRCh37
TNFSF4-D001249,TNFSF4,D001249,Asthma,Phase II,,True,B,['African' 'East Asian' 'European' 'Hispanic/Latin American' 'NR'],['European' 'NR'],['African' 'East Asian' 'European' 'Hispanic/Latin American' 'NR'],14,14,2,4,1,4,True,icd10|J45|both_sexes||,icd10,J45,J45 Asthma,"CSA,EUR,MID",3,icd10-J45-both_sexes.tsv.bgz,icd10-J45-both_sexes.tsv.bgz.tbi,s3://pan-ukb-us-east-1/sumstats_flat_files/icd10-J45-both_sexes.tsv.bgz,s3://pan-ukb-us-east-1/sumstats_flat_files_tabix/icd10-J45-both_sexes.tsv.bgz.tbi,Direct,Locked,Exact disease endpoint: ICD-10 J45 Asthma.,Pan-UK Biobank,phenotype_manifest.tsv.bgz,0735065d06ea8ffb098c119ef419c821,58343c50b06be5cee7a56a1d1a38c30065aa4321a8d8e6b3471d971e0a5b812c,GRCh37
TP53-D003920,TP53,D003920,Diabetes Mellitus,Phase II,,True,B,['African' 'European' 'South Asian'],[],['African' 'European' 'South Asian'],2,2,0,3,0,3,False,phecode|250|both_sexes||,phecode,250,Diabetes mellitus,"CSA,EUR",2,phecode-250-both_sexes.tsv.bgz,phecode-250-both_sexes.tsv.bgz.tbi,s3://pan-ukb-us-east-1/sumstats_flat_files/phecode-250-both_sexes.tsv.bgz,s3://pan-ukb-us-east-1/sumstats_flat_files_tabix/phecode-250-both_sexes.tsv.bgz.tbi,Direct,Locked,Exact broad endpoint: Diabetes mellitus; excludes the narrower type 2 endpoint.,Pan-UK Biobank,phenotype_manifest.tsv.bgz,0735065d06ea8ffb098c119ef419c821,58343c50b06be5cee7a56a1d1a38c30065aa4321a8d8e6b3471d971e0a5b812c,GRCh37
TSLP-D001249,TSLP,D001249,Asthma,Launched,,True,A,['African' 'East Asian' 'European' 'Hispanic/Latin American' 'NR'],['African' 'East Asian' 'European' 'Hispanic/Latin American' 'NR'],['African' 'East Asian' 'European' 'Hispanic/Latin American' 'NR'],45,45,9,4,4,4,True,icd10|J45|both_sexes||,icd10,J45,J45 Asthma,"CSA,EUR,MID",3,icd10-J45-both_sexes.tsv.bgz,icd10-J45-both_sexes.tsv.bgz.tbi,s3://pan-ukb-us-east-1/sumstats_flat_files/icd10-J45-both_sexes.tsv.bgz,s3://pan-ukb-us-east-1/sumstats_flat_files_tabix/icd10-J45-both_sexes.tsv.bgz.tbi,Direct,Locked,Exact disease endpoint: ICD-10 J45 Asthma.,Pan-UK Biobank,phenotype_manifest.tsv.bgz,0735065d06ea8ffb098c119ef419c821,58343c50b06be5cee7a56a1d1a38c30065aa4321a8d8e6b3471d971e0a5b812c,GRCh37
TSLP-D029424,TSLP,D029424,"Pulmonary Disease, Chronic Obstructive",Phase II,,True,B,['African' 'East Asian' 'European' 'Hispanic/Latin American' 'NR'],['African' 'East Asian' 'European' 'Hispanic/Latin American' 'NR'],['African' 'East Asian' 'European' 'Hispanic/Latin American' 'NR'],41,41,8,4,4,4,True,icd10|J44|both_sexes||,icd10,J44,J44 Other chronic obstructive pulmonary disease,"CSA,EUR",2,icd10-J44-both_sexes.tsv.bgz,icd10-J44-both_sexes.tsv.bgz.tbi,s3://pan-ukb-us-east-1/sumstats_flat_files/icd10-J44-both_sexes.tsv.bgz,s3://pan-ukb-us-east-1/sumstats_flat_files_tabix/icd10-J44-both_sexes.tsv.bgz.tbi,Direct,Locked,Exact disease endpoint: ICD-10 J44 chronic obstructive pulmonary disease.,Pan-UK Biobank,phenotype_manifest.tsv.bgz,0735065d06ea8ffb098c119ef419c821,58343c50b06be5cee7a56a1d1a38c30065aa4321a8d8e6b3471d971e0a5b812c,GRCh37
TYK2-D001249,TYK2,D001249,Asthma,Phase I,,True,B,['European'],[],['European'],1,1,0,1,0,1,False,icd10|J45|both_sexes||,icd10,J45,J45 Asthma,"CSA,EUR,MID",3,icd10-J45-both_sexes.tsv.bgz,icd10-J45-both_sexes.tsv.bgz.tbi,s3://pan-ukb-us-east-1/sumstats_flat_files/icd10-J45-both_sexes.tsv.bgz,s3://pan-ukb-us-east-1/sumstats_flat_files_tabix/icd10-J45-both_sexes.tsv.bgz.tbi,Direct,Locked,Exact disease endpoint: ICD-10 J45 Asthma.,Pan-UK Biobank,phenotype_manifest.tsv.bgz,0735065d06ea8ffb098c119ef419c821,58343c50b06be5cee7a56a1d1a38c30065aa4321a8d8e6b3471d971e0a5b812c,GRCh37
VDR-D006973,VDR,D006973,Hypertension,Phase I,,True,B,['European' 'NR'],[],['European' 'NR'],3,3,0,1,0,1,False,phecode|401|both_sexes||,phecode,401,Hypertension,"CSA,EUR",2,phecode-401-both_sexes.tsv.bgz,phecode-401-both_sexes.tsv.bgz.tbi,s3://pan-ukb-us-east-1/sumstats_flat_files/phecode-401-both_sexes.tsv.bgz,s3://pan-ukb-us-east-1/sumstats_flat_files_tabix/phecode-401-both_sexes.tsv.bgz.tbi,Direct,Locked,Exact broad endpoint: Hypertension; excludes narrower essential hypertension.,Pan-UK Biobank,phenotype_manifest.tsv.bgz,0735065d06ea8ffb098c119ef419c821,58343c50b06be5cee7a56a1d1a38c30065aa4321a8d8e6b3471d971e0a5b812c,GRCh37
VEGFA-D003924,VEGFA,D003924,"Diabetes Mellitus, Type 2",Phase I,,True,B,['African' 'East Asian' 'European' 'Hispanic/Latin American' 'South Asian'],[],['African' 'East Asian' 'European' 'Hispanic/Latin American' 'South Asian'],6,6,0,5,0,5,False,phecode|250.2|both_sexes||,phecode,250.2,Type 2 diabetes,"CSA,EUR",2,phecode-250.2-both_sexes.tsv.bgz,phecode-250.2-both_sexes.tsv.bgz.tbi,s3://pan-ukb-us-east-1/sumstats_flat_files/phecode-250.2-both_sexes.tsv.bgz,s3://pan-ukb-us-east-1/sumstats_flat_files_tabix/phecode-250.2-both_sexes.tsv.bgz.tbi,Direct,Locked,Exact disease endpoint: Type 2 diabetes.,Pan-UK Biobank,phenotype_manifest.tsv.bgz,0735065d06ea8ffb098c119ef419c821,58343c50b06be5cee7a56a1d1a38c30065aa4321a8d8e6b3471d971e0a5b812c,GRCh37
