indication_mesh_id,indication_mesh_term,mesh2026_preferred_term,n_pairs,n_genes,n_A,n_B,n_conservative_candidates,candidate_1_id,candidate_1_description,candidate_1_pops_pass_qc,candidate_1_scope_relation,candidate_1_shared_tokens,candidate_1_subtype_conflict,selected_panukb_phenotype_id,mapping_decision,mapping_rationale,reviewer_notes,candidate_2_id,candidate_2_description,candidate_2_pops_pass_qc,candidate_2_scope_relation,candidate_2_shared_tokens,candidate_2_subtype_conflict,candidate_3_id,candidate_3_description,candidate_3_pops_pass_qc,candidate_3_scope_relation,candidate_3_shared_tokens,candidate_3_subtype_conflict
D009765,Obesity,Obesity,31,31,4,27,1,icd10|E66|both_sexes||,E66 Obesity,"EUR,MID",same_informative_tokens,obesity,False,,,,,,,,,,,,,,,,
D001249,Asthma,Asthma,29,29,4,25,1,icd10|J45|both_sexes||,J45 Asthma,"CSA,EUR,MID",same_informative_tokens,asthma,False,,,,,,,,,,,,,,,,
D003093,"Colitis, Ulcerative","Colitis, Ulcerative",26,26,2,24,0,,,,,,,,,,,,,,,,,,,,,,
D006949,Hyperlipidemias,Hyperlipidemias,22,22,4,18,0,,,,,,,,,,,,,,,,,,,,,,
D029424,"Pulmonary Disease, Chronic Obstructive","Pulmonary Disease, Chronic Obstructive",20,20,3,17,1,icd10|J44|both_sexes||,J44 Other chronic obstructive pulmonary disease,"CSA,EUR",same_informative_tokens,chronic | obstructive | pulmonary,False,,,,,,,,,,,,,,,,
D003424,Crohn Disease,Crohn Disease,19,19,1,18,0,,,,,,,,,,,,,,,,,,,,,,
D006973,Hypertension,Hypertension,19,19,8,11,2,phecode|401|both_sexes||,Hypertension,"CSA,EUR",same_informative_tokens,hypertension,False,,,,,phecode|401.1|both_sexes||,Essential hypertension,"CSA,EUR",phenotype_more_specific,hypertension,False,,,,,,
D003924,"Diabetes Mellitus, Type 2","Diabetes Mellitus, Type 2",18,18,9,9,3,icd10|E11|both_sexes||,E11 Non-insulin-dependent diabetes mellitus,"CSA,EUR",same_informative_tokens,dependent | diabete | insulin | mellitu | non,False,,,,,phecode|250.2|both_sexes||,Type 2 diabetes,"CSA,EUR",same_informative_tokens,diabete | type,False,phecode|250|both_sexes||,Diabetes mellitus,"CSA,EUR",phenotype_broader,diabete | mellitu,False
D007249,Inflammation,Inflammation,18,18,1,17,0,,,,,,,,,,,,,,,,,,,,,,
D001943,Breast Neoplasms,Breast Neoplasms,16,16,2,14,0,,,,,,,,,,,,,,,,,,,,,,
D011471,Prostatic Neoplasms,Prostatic Neoplasms,16,16,1,15,0,,,,,,,,,,,,,,,,,,,,,,
D001172,"Arthritis, Rheumatoid","Arthritis, Rheumatoid",15,15,3,12,1,phecode|714|both_sexes||,Rheumatoid arthritis and other inflammatory polyarthropathies,"CSA,EUR",phenotype_more_specific,arthriti | rheumatoid,False,,,,,,,,,,,,,,,,
D015179,Colorectal Neoplasms,Colorectal Neoplasms,14,14,0,14,0,,,,,,,,,,,,,,,,,,,,,,
D006937,Hypercholesterolemia,Hypercholesterolemia,14,14,3,11,0,,,,,,,,,,,,,,,,,,,,,,
D015228,Hypertriglyceridemia,Hypertriglyceridemia,14,14,3,11,0,,,,,,,,,,,,,,,,,,,,,,
D003920,Diabetes Mellitus,Diabetes Mellitus,13,13,2,11,2,phecode|250|both_sexes||,Diabetes mellitus,"CSA,EUR",same_informative_tokens,diabete | mellitu,False,,,,,icd10|E11|both_sexes||,E11 Non-insulin-dependent diabetes mellitus,"CSA,EUR",phenotype_more_specific,diabete | mellitu,False,,,,,,
D003876,"Dermatitis, Atopic","Dermatitis, Atopic",12,12,2,10,0,,,,,,,,,,,,,,,,,,,,,,
D011565,Psoriasis,Psoriasis,12,12,3,9,0,,,,,,,,,,,,,,,,,,,,,,
D000544,Alzheimer Disease,Alzheimer Disease,11,11,1,10,0,,,,,,,,,,,,,,,,,,,,,,
D000740,Anemia,Anemia,11,11,4,7,0,,,,,,,,,,,,,,,,,,,,,,
D009369,Neoplasms,Neoplasms,11,11,1,10,0,,,,,,,,,,,,,,,,,,,,,,
D001327,Autoimmune Diseases,Autoimmune Diseases,10,10,0,10,0,,,,,,,,,,,,,,,,,,,,,,
D008180,"Lupus Erythematosus, Systemic","Lupus Erythematosus, Systemic",10,10,0,10,0,,,,,,,,,,,,,,,,,,,,,,
D013921,Thrombocytopenia,Thrombocytopenia,10,10,4,6,0,,,,,,,,,,,,,,,,,,,,,,
D013922,Thrombocytosis,Thrombocytosis,10,10,2,8,0,,,,,,,,,,,,,,,,,,,,,,
D015535,"Arthritis, Psoriatic","Arthritis, Psoriatic",9,9,3,6,2,phecode|716|both_sexes||,Other arthropathies,"EAS,EUR",phenotype_broader,arthropathy,False,,,,,phecode|716.9|both_sexes||,Arthropathy NOS,"EAS,EUR",phenotype_broader,arthropathy,False,,,,,,
D050197,Atherosclerosis,Atherosclerosis,9,9,1,8,1,phecode|411.4|both_sexes||,Coronary atherosclerosis,"CSA,EUR",phenotype_more_specific,atherosclerosi,False,,,,,,,,,,,,,,,,
D015212,Inflammatory Bowel Diseases,Inflammatory Bowel Diseases,9,9,0,9,0,,,,,,,,,,,,,,,,,,,,,,
D065631,"Rhinitis, Allergic","Rhinitis, Allergic",9,9,1,8,0,,,,,,,,,,,,,,,,,,,,,,
D006938,Hyperlipoproteinemia Type II,Hyperlipoproteinemia Type II,8,8,3,5,0,,,,,,,,,,,,,,,,,,,,,,
D001008,Anxiety Disorders,Anxiety Disorders,7,7,1,6,0,,,,,,,,,,,,,,,,,,,,,,
D009103,Multiple Sclerosis,Multiple Sclerosis,7,7,0,7,0,,,,,,,,,,,,,,,,,,,,,,
D010051,Ovarian Neoplasms,Ovarian Neoplasms,7,7,0,7,0,,,,,,,,,,,,,,,,,,,,,,
D001281,Atrial Fibrillation,Atrial Fibrillation,6,6,2,4,0,,,,,,,,,,,,,,,,,,,,,,
D057765,Eosinophilic Esophagitis,Eosinophilic Esophagitis,6,6,2,4,0,,,,,,,,,,,,,,,,,,,,,,
D007676,"Kidney Failure, Chronic","Kidney Failure, Chronic",6,6,1,5,0,,,,,,,,,,,,,,,,,,,,,,
D010300,Parkinson Disease,Parkinson Disease,6,6,0,6,0,,,,,,,,,,,,,,,,,,,,,,
D012859,Sjogren's Syndrome,Sjogren's Syndrome,6,6,1,5,0,,,,,,,,,,,,,,,,,,,,,,
D007319,Sleep Initiation and Maintenance Disorders,Sleep Initiation and Maintenance Disorders,6,6,3,3,0,,,,,,,,,,,,,,,,,,,,,,
D001714,Bipolar Disorder,Bipolar Disorder,5,5,3,2,0,,,,,,,,,,,,,,,,,,,,,,
D050171,Dyslipidemias,Dyslipidemias,5,5,3,2,0,,,,,,,,,,,,,,,,,,,,,,
D016553,"Purpura, Thrombocytopenic, Idiopathic","Purpura, Thrombocytopenic, Idiopathic",5,5,1,4,0,,,,,,,,,,,,,,,,,,,,,,
D051437,Renal Insufficiency,Renal Insufficiency,5,5,0,5,0,,,,,,,,,,,,,,,,,,,,,,
D012893,Sleep Wake Disorders,Sleep Wake Disorders,5,5,1,4,3,icd10|G47|both_sexes||,G47 Sleep disorders,"CSA,EUR",same_informative_tokens,sleep,False,,,,,phecode|327|both_sexes||,Sleep disorders,"CSA,EUR",same_informative_tokens,sleep,False,phecode|327.3|both_sexes||,Sleep apnea,"CSA,EUR",phenotype_more_specific,sleep,False
D013927,Thrombosis,Thrombosis,5,5,2,3,0,,,,,,,,,,,,,,,,,,,,,,
D002318,Cardiovascular Diseases,Cardiovascular Diseases,4,4,0,4,0,,,,,,,,,,,,,,,,,,,,,,
D003922,"Diabetes Mellitus, Type 1","Diabetes Mellitus, Type 1",4,4,0,4,1,phecode|250|both_sexes||,Diabetes mellitus,"CSA,EUR",phenotype_broader,diabete | mellitu,False,,,,,,,,,,,,,,,,
D006967,Hypersensitivity,Hypersensitivity,4,4,0,4,2,phecode|960.2|both_sexes||,Allergy/adverse effect of penicillin,"CSA,EUR",phenotype_more_specific,allergy,False,,,,,icd10|Z88|both_sexes||,"Z88 Personal history of allergy to drugs, medicaments and biologocal substances","CSA,EUR",phenotype_more_specific,allergy,False,,,,,,
D008181,Lupus Nephritis,Lupus Nephritis,4,4,0,4,0,,,,,,,,,,,,,,,,,,,,,,
D008269,Macular Edema,Macular Edema,4,4,1,3,0,,,,,,,,,,,,,,,,,,,,,,
D008545,Melanoma,Melanoma,4,4,0,4,0,,,,,,,,,,,,,,,,,,,,,,
D009503,Neutropenia,Neutropenia,4,4,2,2,0,,,,,,,,,,,,,,,,,,,,,,
D012559,Schizophrenia,Schizophrenia,4,4,1,3,0,,,,,,,,,,,,,,,,,,,,,,
D013167,"Spondylitis, Ankylosing","Spondylitis, Ankylosing",4,4,0,4,0,,,,,,,,,,,,,,,,,,,,,,
D014029,Tobacco Use Disorder,Tobacco Use Disorder,4,4,1,3,1,phecode|318|both_sexes||,Tobacco use disorder,"EAS,EUR",same_informative_tokens,tobacco | use,False,,,,,,,,,,,,,,,,
D020246,Venous Thrombosis,Venous Thrombosis,4,4,2,2,0,,,,,,,,,,,,,,,,,,,,,,
D058186,Acute Kidney Injury,Acute Kidney Injury,3,3,0,3,0,,,,,,,,,,,,,,,,,,,,,,
D001778,Blood Coagulation Disorders,Blood Coagulation Disorders,3,3,0,3,0,,,,,,,,,,,,,,,,,,,,,,
D005901,Glaucoma,Glaucoma,3,3,0,3,0,,,,,,,,,,,,,,,,,,,,,,
D005923,"Glomerulosclerosis, Focal Segmental","Glomerulosclerosis, Focal Segmental",3,3,0,3,0,,,,,,,,,,,,,,,,,,,,,,
D006467,Hemophilia A,Hemophilia A,3,3,3,0,0,,,,,,,,,,,,,,,,,,,,,,
D008107,Liver Diseases,Liver Diseases,3,3,0,3,0,,,,,,,,,,,,,,,,,,,,,,
D024821,Metabolic Syndrome,Metabolic Syndrome,3,3,0,3,0,,,,,,,,,,,,,,,,,,,,,,
D008881,Migraine Disorders,Migraine Disorders,3,3,2,1,0,,,,,,,,,,,,,,,,,,,,,,
D009298,Nasal Polyps,Nasal Polyps,3,3,0,3,0,,,,,,,,,,,,,,,,,,,,,,
D010024,Osteoporosis,Osteoporosis,3,3,1,2,0,,,,,,,,,,,,,,,,,,,,,,
D011618,Psychotic Disorders,Psychotic Disorders,3,3,1,2,0,,,,,,,,,,,,,,,,,,,,,,
D018805,Sepsis,Sepsis,3,3,0,3,0,,,,,,,,,,,,,,,,,,,,,,
D012852,Sinusitis,Sinusitis,3,3,0,3,0,,,,,,,,,,,,,,,,,,,,,,
D013274,Stomach Neoplasms,Stomach Neoplasms,3,3,0,3,0,,,,,,,,,,,,,,,,,,,,,,
D020521,Stroke,Stroke,3,3,0,3,0,,,,,,,,,,,,,,,,,,,,,,
D013494,"Supranuclear Palsy, Progressive","Supranuclear Palsy, Progressive",3,3,0,3,0,,,,,,,,,,,,,,,,,,,,,,
D013789,Thalassemia,Thalassemia,3,3,0,3,0,,,,,,,,,,,,,,,,,,,,,,
D000437,Alcoholism,Alcoholism,2,2,0,2,0,,,,,,,,,,,,,,,,,,,,,,
D000755,"Anemia, Sickle Cell","Anemia, Sickle Cell",2,2,0,2,0,,,,,,,,,,,,,,,,,,,,,,
D002289,"Carcinoma, Non-Small-Cell Lung","Carcinoma, Non-Small-Cell Lung",2,2,1,1,0,,,,,,,,,,,,,,,,,,,,,,
D003863,Depression,Depression,2,2,1,1,0,,,,,,,,,,,,,,,,,,,,,,
D003865,"Depressive Disorder, Major",Major Depressive Disorder,2,2,1,1,0,,,,,,,,,,,,,,,,,,,,,,
D017719,Diabetic Foot,Diabetic Foot,2,2,0,2,0,,,,,,,,,,,,,,,,,,,,,,
D004700,Endocrine System Diseases,Endocrine System Diseases,2,2,0,2,0,,,,,,,,,,,,,,,,,,,,,,
D004827,Epilepsy,Epilepsy,2,2,2,0,0,,,,,,,,,,,,,,,,,,,,,,
D004829,"Epilepsy, Generalized","Epilepsy, Generalized",2,2,2,0,0,,,,,,,,,,,,,,,,,,,,,,
D057180,Frontotemporal Dementia,Frontotemporal Dementia,2,2,0,2,0,,,,,,,,,,,,,,,,,,,,,,
D005764,Gastroesophageal Reflux,Gastroesophageal Reflux,2,2,1,1,3,phecode|530.11|both_sexes||,GERD,"EUR,MID",same_informative_tokens,gerd,False,,,,,icd10|K21|both_sexes||,K21 Gastro-oesophageal reflux disease,"EUR,MID",same_informative_tokens,gastro | oesophageal | reflux,False,phecode|530.1|both_sexes||,"Esophagitis, GERD and related diseases","EUR,MID",phenotype_more_specific,gerd,False
D005770,Gastrointestinal Neoplasms,Gastrointestinal Neoplasms,2,2,0,2,0,,,,,,,,,,,,,,,,,,,,,,
D005922,"Glomerulonephritis, IGA","Glomerulonephritis, IGA",2,2,0,2,0,,,,,,,,,,,,,,,,,,,,,,
D006073,Gout,Gout,2,2,1,1,0,,,,,,,,,,,,,,,,,,,,,,
D006258,Head and Neck Neoplasms,Head and Neck Neoplasms,2,2,0,2,0,,,,,,,,,,,,,,,,,,,,,,
D006689,Hodgkin Disease,Hodgkin Disease,2,2,0,2,0,,,,,,,,,,,,,,,,,,,,,,
D017681,Hypereosinophilic Syndrome,Hypereosinophilic Syndrome,2,2,0,2,0,,,,,,,,,,,,,,,,,,,,,,
D007680,Kidney Neoplasms,Kidney Neoplasms,2,2,2,0,1,phecode|594.1|both_sexes||,Calculus of kidney,"CSA,EUR",phenotype_more_specific,kidney,False,,,,,,,,,,,,,,,,
D008593,Menopause,Menopause,2,2,1,1,0,,,,,,,,,,,,,,,,,,,,,,
D009101,Multiple Myeloma,Multiple Myeloma,2,2,0,2,0,,,,,,,,,,,,,,,,,,,,,,
D019578,Multiple System Atrophy,Multiple System Atrophy,2,2,0,2,0,,,,,,,,,,,,,,,,,,,,,,
D009203,Myocardial Infarction,Myocardial Infarction,2,2,1,1,0,,,,,,,,,,,,,,,,,,,,,,
D009216,Myopia,Myopia,2,2,2,0,0,,,,,,,,,,,,,,,,,,,,,,
D009290,Narcolepsy,Narcolepsy,2,2,1,1,2,icd10|G47|both_sexes||,G47 Sleep disorders,"CSA,EUR",phenotype_broader,sleep,False,,,,,phecode|327|both_sexes||,Sleep disorders,"CSA,EUR",phenotype_broader,sleep,False,,,,,,
D009771,Obsessive-Compulsive Disorder,Obsessive-Compulsive Disorder,2,2,0,2,0,,,,,,,,,,,,,,,,,,,,,,
D010003,Osteoarthritis,Osteoarthritis,2,2,1,1,3,phecode|740|both_sexes||,Osteoarthrosis,"EUR,MID",same_informative_tokens,osteoarthrosi,False,,,,,icd10|M16|both_sexes||,M16 Coxarthrosis [arthrosis of hip],"CSA,EUR",phenotype_more_specific,arthrosi,False,icd10|M17|both_sexes||,M17 Gonarthrosis [arthrosis of knee],"EUR,MID",phenotype_more_specific,arthrosi,False
D012148,Restless Legs Syndrome,Restless Legs Syndrome,2,2,1,1,0,,,,,,,,,,,,,,,,,,,,,,
D012174,Retinitis Pigmentosa,Retinitis Pigmentosa,2,2,0,2,0,,,,,,,,,,,,,,,,,,,,,,
D006255,"Rhinitis, Allergic, Seasonal","Rhinitis, Allergic, Seasonal",2,2,0,2,0,,,,,,,,,,,,,,,,,,,,,,
D013736,Testicular Neoplasms,Testicular Neoplasms,2,2,0,2,0,,,,,,,,,,,,,,,,,,,,,,
D014523,Urethral Neoplasms,Urethral Neoplasms,2,2,0,2,0,,,,,,,,,,,,,,,,,,,,,,
D014565,Urogenital Neoplasms,Urogenital Neoplasms,2,2,0,2,0,,,,,,,,,,,,,,,,,,,,,,
D057135,Wet Macular Degeneration,Wet Macular Degeneration,2,2,0,2,0,,,,,,,,,,,,,,,,,,,,,,
D000417,Albinism,Albinism,1,1,0,1,0,,,,,,,,,,,,,,,,,,,,,,
D019973,Alcohol-Related Disorders,Alcohol-Related Disorders,1,1,0,1,1,phecode|317|both_sexes||,Alcohol-related disorders,"AFR,EUR",same_informative_tokens,alcohol | related,False,,,,,,,,,,,,,,,,
D000505,Alopecia,Alopecia,1,1,1,0,0,,,,,,,,,,,,,,,,,,,,,,
D000690,Amyotrophic Lateral Sclerosis,Amyotrophic Lateral Sclerosis,1,1,0,1,0,,,,,,,,,,,,,,,,,,,,,,
D001145,"Arrhythmias, Cardiac","Arrhythmias, Cardiac",1,1,0,1,0,,,,,,,,,,,,,,,,,,,,,,
D001171,"Arthritis, Juvenile","Arthritis, Juvenile",1,1,1,0,0,,,,,,,,,,,,,,,,,,,,,,
D001850,"Bone Diseases, Infectious","Bone Diseases, Infectious",1,1,0,1,0,,,,,,,,,,,,,,,,,,,,,,
D001851,"Bone Diseases, Metabolic","Bone Diseases, Metabolic",1,1,0,1,0,,,,,,,,,,,,,,,,,,,,,,
D029481,"Bronchitis, Chronic","Bronchitis, Chronic",1,1,1,0,2,phecode|496.2|both_sexes||,Chronic bronchitis,"CSA,EUR",same_informative_tokens,bronchiti | chronic,False,,,,,phecode|496.21|both_sexes||,Obstructive chronic bronchitis,"CSA,EUR",phenotype_more_specific,bronchiti | chronic,False,,,,,,
D000086382,COVID-19,COVID-19,1,1,1,0,0,,,,,,,,,,,,,,,,,,,,,,
D002446,Celiac Disease,Celiac Disease,1,1,0,1,0,,,,,,,,,,,,,,,,,,,,,,
D002761,Cholangitis,Cholangitis,1,1,0,1,0,,,,,,,,,,,,,,,,,,,,,,
D003414,Crigler-Najjar Syndrome,Crigler-Najjar Syndrome,1,1,0,1,0,,,,,,,,,,,,,,,,,,,,,,
D003704,Dementia,Dementia,1,1,0,1,0,,,,,,,,,,,,,,,,,,,,,,
D003928,Diabetic Nephropathies,Diabetic Nephropathies,1,1,0,1,0,,,,,,,,,,,,,,,,,,,,,,
D003929,Diabetic Neuropathies,Diabetic Neuropathies,1,1,0,1,0,,,,,,,,,,,,,,,,,,,,,,
D004381,Duodenal Ulcer,Duodenal Ulcer,1,1,0,1,0,,,,,,,,,,,,,,,,,,,,,,
D020920,Dyssomnias,Dyssomnias,1,1,0,1,2,icd10|G47|both_sexes||,G47 Sleep disorders,"CSA,EUR",phenotype_broader,sleep,False,,,,,phecode|327|both_sexes||,Sleep disorders,"CSA,EUR",phenotype_broader,sleep,False,,,,,,
D004485,Eczema,Eczema,1,1,0,1,0,,,,,,,,,,,,,,,,,,,,,,
D016889,Endometrial Neoplasms,Endometrial Neoplasms,1,1,0,1,0,,,,,,,,,,,,,,,,,,,,,,
D004715,Endometriosis,Endometriosis,1,1,1,0,0,,,,,,,,,,,,,,,,,,,,,,
D004828,"Epilepsies, Partial","Epilepsies, Partial",1,1,1,0,0,,,,,,,,,,,,,,,,,,,,,,
D004938,Esophageal Neoplasms,Esophageal Neoplasms,1,1,0,1,1,phecode|530|both_sexes||,Diseases of esophagus,"EUR,MID",same_informative_tokens,esophagu,False,,,,,,,,,,,,,,,,
D005168,Factor VII Deficiency,Factor VII Deficiency,1,1,0,1,0,,,,,,,,,,,,,,,,,,,,,,
D005173,Factor XI Deficiency,Factor XI Deficiency,1,1,1,0,0,,,,,,,,,,,,,,,,,,,,,,
D042882,Gallstones,Gallstones,1,1,0,1,0,,,,,,,,,,,,,,,,,,,,,,
D005909,Glioblastoma,Glioblastoma,1,1,0,1,0,,,,,,,,,,,,,,,,,,,,,,
D006177,Gynecomastia,Gynecomastia,1,1,0,1,0,,,,,,,,,,,,,,,,,,,,,,
D006333,Heart Failure,Heart Failure,1,1,0,1,0,,,,,,,,,,,,,,,,,,,,,,
D019337,Hematologic Neoplasms,Hematologic Neoplasms,1,1,0,1,0,,,,,,,,,,,,,,,,,,,,,,
D006432,Hemochromatosis,Hemochromatosis,1,1,0,1,0,,,,,,,,,,,,,,,,,,,,,,
D006712,Homocystinuria,Homocystinuria,1,1,0,1,0,,,,,,,,,,,,,,,,,,,,,,
D006934,Hypercalcemia,Hypercalcemia,1,1,1,0,0,,,,,,,,,,,,,,,,,,,,,,
D008072,Hyperlipoproteinemia Type I,Hyperlipoproteinemia Type I,1,1,1,0,0,,,,,,,,,,,,,,,,,,,,,,
D049950,"Hyperparathyroidism, Primary","Hyperparathyroidism, Primary",1,1,1,0,0,,,,,,,,,,,,,,,,,,,,,,
D006962,"Hyperparathyroidism, Secondary","Hyperparathyroidism, Secondary",1,1,1,0,0,,,,,,,,,,,,,,,,,,,,,,
D006980,Hyperthyroidism,Hyperthyroidism,1,1,0,1,0,,,,,,,,,,,,,,,,,,,,,,
D052456,Hypoalphalipoproteinemias,Hypoalphalipoproteinemias,1,1,0,1,0,,,,,,,,,,,,,,,,,,,,,,
D006996,Hypocalcemia,Hypocalcemia,1,1,0,1,0,,,,,,,,,,,,,,,,,,,,,,
D007014,Hypophosphatasia,Hypophosphatasia,1,1,1,0,0,,,,,,,,,,,,,,,,,,,,,,
D017674,Hypophosphatemia,Hypophosphatemia,1,1,0,1,0,,,,,,,,,,,,,,,,,,,,,,
D007037,Hypothyroidism,Hypothyroidism,1,1,1,0,0,,,,,,,,,,,,,,,,,,,,,,
D020177,Idiopathic Hypersomnia,Idiopathic Hypersomnia,1,1,0,1,2,icd10|G47|both_sexes||,G47 Sleep disorders,"CSA,EUR",phenotype_broader,sleep,False,,,,,phecode|327|both_sexes||,Sleep disorders,"CSA,EUR",phenotype_broader,sleep,False,,,,,,
D055623,"Keratosis, Actinic","Keratosis, Actinic",1,1,0,1,0,,,,,,,,,,,,,,,,,,,,,,
D007863,Lecithin Cholesterol Acyltransferase Deficiency,Lecithin Cholesterol Acyltransferase Deficiency,1,1,0,1,0,,,,,,,,,,,,,,,,,,,,,,
D007889,Leiomyoma,Leiomyoma,1,1,1,0,0,,,,,,,,,,,,,,,,,,,,,,
D007890,Leiomyosarcoma,Leiomyosarcoma,1,1,0,1,0,,,,,,,,,,,,,,,,,,,,,,
D015451,"Leukemia, Lymphocytic, Chronic, B-Cell","Leukemia, Lymphocytic, Chronic, B-Cell",1,1,1,0,0,,,,,,,,,,,,,,,,,,,,,,
D015464,"Leukemia, Myelogenous, Chronic, BCR-ABL Positive","Leukemia, Myelogenous, Chronic, BCR-ABL Positive",1,1,0,1,0,,,,,,,,,,,,,,,,,,,,,,
D007970,Leukopenia,Leukopenia,1,1,1,0,0,,,,,,,,,,,,,,,,,,,,,,
D008103,Liver Cirrhosis,Liver Cirrhosis,1,1,0,1,0,,,,,,,,,,,,,,,,,,,,,,
D008105,"Liver Cirrhosis, Biliary","Liver Cirrhosis, Biliary",1,1,0,1,0,,,,,,,,,,,,,,,,,,,,,,
D008175,Lung Neoplasms,Lung Neoplasms,1,1,0,1,0,,,,,,,,,,,,,,,,,,,,,,
D008223,Lymphoma,Lymphoma,1,1,0,1,0,,,,,,,,,,,,,,,,,,,,,,
D008224,"Lymphoma, Follicular","Lymphoma, Follicular",1,1,0,1,0,,,,,,,,,,,,,,,,,,,,,,
D008527,Medulloblastoma,Medulloblastoma,1,1,0,1,0,,,,,,,,,,,,,,,,,,,,,,
D008659,Metabolic Diseases,Metabolic Diseases,1,1,0,1,0,,,,,,,,,,,,,,,,,,,,,,
D009196,Myeloproliferative Disorders,Myeloproliferative Disorders,1,1,0,1,0,,,,,,,,,,,,,,,,,,,,,,
D009223,Myotonic Dystrophy,Myotonic Dystrophy,1,1,0,1,0,,,,,,,,,,,,,,,,,,,,,,
D009303,Nasopharyngeal Neoplasms,Nasopharyngeal Neoplasms,1,1,0,1,0,,,,,,,,,,,,,,,,,,,,,,
D018307,"Neoplasms, Squamous Cell","Neoplasms, Squamous Cell",1,1,0,1,0,,,,,,,,,,,,,,,,,,,,,,
D009437,Neuralgia,Neuralgia,1,1,0,1,0,,,,,,,,,,,,,,,,,,,,,,
D018242,"Neuroectodermal Tumors, Primitive","Neuroectodermal Tumors, Primitive",1,1,0,1,0,,,,,,,,,,,,,,,,,,,,,,
D065626,Non-alcoholic Fatty Liver Disease,Non-alcoholic Fatty Liver Disease,1,1,0,1,0,,,,,,,,,,,,,,,,,,,,,,
D009293,Opioid-Related Disorders,Opioid-Related Disorders,1,1,1,0,0,,,,,,,,,,,,,,,,,,,,,,
D016584,Panic Disorder,Panic Disorder,1,1,0,1,0,,,,,,,,,,,,,,,,,,,,,,
D010493,Pericarditis,Pericarditis,1,1,0,1,0,,,,,,,,,,,,,,,,,,,,,,
D016491,Peripheral Vascular Diseases,Peripheral Vascular Diseases,1,1,0,1,0,,,,,,,,,,,,,,,,,,,,,,
D000072861,"Phobia, Social","Phobia, Social",1,1,0,1,0,,,,,,,,,,,,,,,,,,,,,,
D010787,Photosensitivity Disorders,Photosensitivity Disorders,1,1,0,1,0,,,,,,,,,,,,,,,,,,,,,,
D010916,Pityriasis Rubra Pilaris,Pityriasis Rubra Pilaris,1,1,0,1,0,,,,,,,,,,,,,,,,,,,,,,
D011085,Polycystic Ovary Syndrome,Polycystic Ovary Syndrome,1,1,1,0,0,,,,,,,,,,,,,,,,,,,,,,
D011087,Polycythemia Vera,Polycythemia Vera,1,1,1,0,0,,,,,,,,,,,,,,,,,,,,,,
D054198,Precursor Cell Lymphoblastic Leukemia-Lymphoma,Precursor Cell Lymphoblastic Leukemia-Lymphoma,1,1,0,1,0,,,,,,,,,,,,,,,,,,,,,,
D055728,Primary Myelofibrosis,Primary Myelofibrosis,1,1,1,0,0,,,,,,,,,,,,,,,,,,,,,,
D011470,Prostatic Hyperplasia,Prostatic Hyperplasia,1,1,1,0,0,,,,,,,,,,,,,,,,,,,,,,
D011628,"Puberty, Delayed","Puberty, Delayed",1,1,1,0,0,,,,,,,,,,,,,,,,,,,,,,
D011655,Pulmonary Embolism,Pulmonary Embolism,1,1,1,0,0,,,,,,,,,,,,,,,,,,,,,,
D012164,Retinal Diseases,Retinal Diseases,1,1,0,1,0,,,,,,,,,,,,,,,,,,,,,,
D012170,Retinal Vein Occlusion,Retinal Vein Occlusion,1,1,0,1,0,,,,,,,,,,,,,,,,,,,,,,
D012208,Rhabdomyosarcoma,Rhabdomyosarcoma,1,1,0,1,0,,,,,,,,,,,,,,,,,,,,,,
D012220,Rhinitis,Rhinitis,1,1,0,1,0,,,,,,,,,,,,,,,,,,,,,,
D012507,Sarcoidosis,Sarcoidosis,1,1,0,1,0,,,,,,,,,,,,,,,,,,,,,,
D020178,"Sleep Disorders, Circadian Rhythm","Sleep Disorders, Circadian Rhythm",1,1,1,0,2,icd10|G47|both_sexes||,G47 Sleep disorders,"CSA,EUR",phenotype_broader,sleep,False,,,,,phecode|327|both_sexes||,Sleep disorders,"CSA,EUR",phenotype_broader,sleep,False,,,,,,
D055752,Small Cell Lung Carcinoma,Small Cell Lung Carcinoma,1,1,0,1,0,,,,,,,,,,,,,,,,,,,,,,
D058496,Smith-Magenis Syndrome,Smith-Magenis Syndrome,1,1,1,0,0,,,,,,,,,,,,,,,,,,,,,,
D013276,Stomach Ulcer,Stomach Ulcer,1,1,0,1,0,,,,,,,,,,,,,,,,,,,,,,
D019966,Substance-Related Disorders,Substance-Related Disorders,1,1,0,1,0,,,,,,,,,,,,,,,,,,,,,,
D017180,"Tachycardia, Ventricular","Tachycardia, Ventricular",1,1,1,0,0,,,,,,,,,,,,,,,,,,,,,,
D013625,Takayasu Arteritis,Takayasu Arteritis,1,1,0,1,0,,,,,,,,,,,,,,,,,,,,,,
D013924,Thrombophlebitis,Thrombophlebitis,1,1,1,0,0,,,,,,,,,,,,,,,,,,,,,,
D001749,Urinary Bladder Neoplasms,Urinary Bladder Neoplasms,1,1,1,0,0,,,,,,,,,,,,,,,,,,,,,,
D014647,Varicose Ulcer,Varicose Ulcer,1,1,0,1,1,phecode|401|both_sexes||,Hypertension,"CSA,EUR",phenotype_broader,hypertension,False,,,,,,,,,,,,,,,,
D014657,Vasculitis,Vasculitis,1,1,0,1,0,,,,,,,,,,,,,,,,,,,,,,
D014983,Xeroderma Pigmentosum,Xeroderma Pigmentosum,1,1,0,1,0,,,,,,,,,,,,,,,,,,,,,,
D019896,alpha 1-Antitrypsin Deficiency,alpha 1-Antitrypsin Deficiency,1,1,1,0,0,,,,,,,,,,,,,,,,,,,,,,
D014842,von Willebrand Diseases,von Willebrand Diseases,1,1,1,0,0,,,,,,,,,,,,,,,,,,,,,,
