gene_trait_uid,gene,candidate_source,candidate_trait_key,candidate_trait_name,unit_analysis_role,mixed_pool,primary_approval_eligible,n_comparison_ancestries,comparison_ancestries,n_portability_pre_ld_eligible_ancestries,n_coloc_input_eligible_ancestries,n_coloc_powered_both_ancestries,minimum_qc_qualified_variants,median_qc_qualified_variants,maximum_qc_qualified_variants,maximum_eur_gws_qc_variants,maximum_comparison_gws_qc_variants,primary_mechanistic_universe,portability_primary_locked,portability_sensitivity_locked,coloc_primary_locked,coloc_powered_primary_locked,coloc_sensitivity_locked,coloc_powered_sensitivity_locked,all_ancestries_coloc_input_eligible,all_ancestries_portability_pre_ld_eligible,genome_build,canonical_group,locked_mapping_tier,mapping_tiers_contributing,sensitivity_pool_assignment,pools,n_A_pairs,n_B_pairs,n_target_indication_pairs,n_indications,indications,non_eur_pops_available
gt_24b34ddef722adb5,ADORA1,GBMI,GBMI::Asthma,Asthma,PRIMARY,False,True,4,AFR || AMR || CSA || EAS,4,4,0,606,648.5,719,44,0,True,True,True,True,False,True,False,True,True,GRCh38,Asthma,Direct disease,Direct disease,B,B,0,1,1,1,Asthma,"AFR,AMR,CSA,EAS"
gt_d1a63f782d9591b6,ADORA2B,GBMI,GBMI::Asthma,Asthma,PRIMARY,False,True,4,AFR || AMR || CSA || EAS,4,4,0,344,367.5,415,99,0,True,True,True,True,False,True,False,True,True,GRCh38,Asthma,Direct disease,Direct disease,B,B,0,1,1,1,Asthma,"AFR,AMR,CSA,EAS"
gt_8ec8b2adc38392c6,CSF2,GBMI,GBMI::Asthma,Asthma,PRIMARY,False,True,4,AFR || AMR || CSA || EAS,4,4,0,295,336.0,362,51,0,True,True,True,True,False,True,False,True,True,GRCh38,Asthma,Direct disease,Direct disease,B,B,0,1,1,1,Asthma,"AFR,AMR,CSA,EAS"
gt_519bb947b499daff,GATA3,GBMI,GBMI::Asthma,Asthma,PRIMARY,False,True,4,AFR || AMR || CSA || EAS,4,4,1,576,729.0,835,19,1,True,True,True,True,True,True,True,True,True,GRCh38,Asthma,Direct disease,Direct disease,B,B,0,1,1,1,Asthma,"AFR,AMR,CSA,EAS"
gt_b5915a3fe7e0c8ef,IL13,GBMI,GBMI::Asthma,Asthma,PRIMARY,False,True,4,AFR || AMR || CSA || EAS,4,4,1,260,274.5,292,229,81,True,True,True,True,True,True,True,True,True,GRCh38,Asthma,Direct disease,Direct disease,B,B,0,1,1,1,Asthma,"AFR,AMR,CSA,EAS"
gt_e0253f9da76890c4,IL1RL1,GBMI,GBMI::Asthma,Asthma,PRIMARY,False,True,4,AFR || AMR || CSA || EAS,4,4,2,656,777.0,820,398,92,True,True,True,True,True,True,True,True,True,GRCh38,Asthma,Direct disease,Direct disease,B,B,0,1,1,1,Asthma,"AFR,AMR,CSA,EAS"
gt_ceb57718dd9864a2,IL3,GBMI,GBMI::Asthma,Asthma,PRIMARY,False,True,4,AFR || AMR || CSA || EAS,4,4,0,283,325.5,352,50,0,True,True,True,True,False,True,False,True,True,GRCh38,Asthma,Direct disease,Direct disease,B,B,0,1,1,1,Asthma,"AFR,AMR,CSA,EAS"
gt_62933438673c2307,IL33,GBMI,GBMI::Asthma,Asthma,PRIMARY,False,True,4,AFR || AMR || CSA || EAS,4,4,0,315,580.5,675,222,0,True,True,True,True,False,True,False,True,True,GRCh38,Asthma,Direct disease,Direct disease,B,B,0,1,1,1,Asthma,"AFR,AMR,CSA,EAS"
gt_aff18fde645e6a6f,IL4R,GBMI,GBMI::Asthma,Asthma,PRIMARY,False,True,4,AFR || AMR || CSA || EAS,4,4,1,437,559.0,660,163,105,True,True,True,True,True,True,True,True,True,GRCh38,Asthma,Direct disease,Direct disease,A,A,1,0,1,1,Asthma,"AFR,AMR,CSA,EAS"
gt_8eacc233dce7b2c8,IL5,GBMI,GBMI::Asthma,Asthma,PRIMARY,False,True,4,AFR || AMR || CSA || EAS,4,4,1,345,373.5,399,234,84,True,True,True,True,True,True,True,True,True,GRCh38,Asthma,Direct disease,Direct disease,B,B,0,1,1,1,Asthma,"AFR,AMR,CSA,EAS"
gt_d2fd12497bba2d5c,IL6,GBMI,GBMI::Asthma,Asthma,PRIMARY,False,True,4,AFR || AMR || CSA || EAS,4,4,0,615,717.5,763,79,0,True,True,True,True,False,True,False,True,True,GRCh38,Asthma,Direct disease,Direct disease,B,B,0,1,1,1,Asthma,"AFR,AMR,CSA,EAS"
gt_7f50a9fa80553ca7,TNFSF15,GBMI,GBMI::Asthma,Asthma,PRIMARY,False,True,4,AFR || AMR || CSA || EAS,3,4,0,386,461.0,514,3,0,True,True,True,True,False,True,False,True,False,GRCh38,Asthma,Direct disease,Direct disease,B,B,0,1,1,1,Asthma,"AFR,AMR,CSA,EAS"
gt_9974caf98cb25074,TSLP,GBMI,GBMI::Asthma,Asthma,PRIMARY,False,True,4,AFR || AMR || CSA || EAS,4,4,1,439,451.5,516,214,40,True,True,True,True,True,True,True,True,True,GRCh38,Asthma,Direct disease,Direct disease,A,A,1,0,1,1,Asthma,"AFR,AMR,CSA,EAS"
gt_d84fcd64ca861af7,EPHX2,GBMI,GBMI::COPD,Chronic obstructive pulmonary disease,PRIMARY,False,True,3,AFR || AMR || EAS,3,3,0,584,730.0,774,27,0,True,True,True,True,False,True,False,True,True,GRCh38,COPD,Direct disease,Direct disease,B,B,0,1,1,1,"Pulmonary Disease, Chronic Obstructive","AFR,AMR,EAS"
gt_2a7e2fce1378c79e,SLC22A12,GBMI,GBMI::Gout,Gout,PRIMARY,False,True,3,AFR || AMR || EAS,3,3,1,236,243.0,287,151,99,True,True,True,True,True,True,True,True,True,GRCh38,Gout,Direct disease,Direct disease,A,A,1,0,1,1,Gout,"AFR,AMR,EAS"
gt_fd539737d1f5d9cb,F11,GBMI,GBMI::VTE,Venous thromboembolism,PRIMARY,False,True,3,AFR || AMR || EAS,3,3,0,589,686.0,689,225,0,True,True,True,True,False,True,False,True,True,GRCh38,VTE,Direct disease,Direct disease,B,B,0,1,1,1,Venous Thrombosis,"AFR,AMR,EAS"
gt_698ec9454245813e,F2,GBMI,GBMI::VTE,Venous thromboembolism,PRIMARY,False,True,3,AFR || AMR || EAS,3,3,0,149,227.0,260,45,0,True,True,True,True,False,True,False,True,True,GRCh38,VTE,Direct disease,Direct disease,A,A,2,0,2,2,Pulmonary Embolism || Venous Thrombosis,"AFR,AMR,EAS"
gt_eb75fbbeba239dab,VWF,GBMI,GBMI::VTE,Venous thromboembolism,PRIMARY,False,True,3,AFR || AMR || EAS,3,3,0,659,966.0,1166,36,0,True,True,True,True,False,True,False,True,True,GRCh38,VTE,Direct disease,Direct disease,B,B,0,1,1,1,Venous Thrombosis,"AFR,AMR,EAS"
gt_c2f3696fd5d03431,PNPLA3,Pan-UKB,Pan-UKB::biomarkers|30620|both_sexes||irnt,Alanine aminotransferase,PRIMARY,False,True,2,AFR || CSA,2,2,0,818,857.0,896,239,0,True,True,True,True,False,True,False,True,True,GRCh37,alanine_aminotransferase,Proxy biomarker,Proxy biomarker,B,B,0,1,1,1,Non-alcoholic Fatty Liver Disease,"AFR,CSA"
gt_07bc6b913823d770,FGFR1,Pan-UKB,Pan-UKB::continuous|21001|both_sexes||irnt,Body mass index (BMI),PRIMARY,False,True,3,AFR || CSA || MID,3,3,0,373,442.0,466,15,0,True,True,True,True,False,True,False,True,True,GRCh37,body_mass_index,Direct quantitative readout,Direct quantitative readout,B,B,0,1,1,1,Obesity,"AFR,CSA,MID"
gt_5aa064f396f10864,FGFR4,Pan-UKB,Pan-UKB::continuous|21001|both_sexes||irnt,Body mass index (BMI),PRIMARY,False,True,3,AFR || CSA || MID,3,3,0,454,653.0,662,4,0,True,True,True,True,False,True,False,True,True,GRCh37,body_mass_index,Direct quantitative readout,Direct quantitative readout,B,B,0,1,1,1,Obesity,"AFR,CSA,MID"
gt_d79e322e54d14839,GDF15,Pan-UKB,Pan-UKB::continuous|21001|both_sexes||irnt,Body mass index (BMI),PRIMARY,False,True,3,AFR || CSA || MID,3,3,0,485,534.0,554,36,0,True,True,True,True,False,True,False,True,True,GRCh37,body_mass_index,Direct quantitative readout,Direct quantitative readout,B,B,0,1,1,1,Obesity,"AFR,CSA,MID"
gt_e8a2392ea6c7a9e1,GIPR,Pan-UKB,Pan-UKB::continuous|21001|both_sexes||irnt,Body mass index (BMI),PRIMARY,False,True,3,AFR || CSA || MID,3,3,0,489,534.0,550,26,0,True,True,True,True,False,True,False,True,True,GRCh37,body_mass_index,Direct quantitative readout,Direct quantitative readout,B,B,0,1,1,1,Obesity,"AFR,CSA,MID"
gt_46885db53b6cf531,LEPR,Pan-UKB,Pan-UKB::continuous|21001|both_sexes||irnt,Body mass index (BMI),PRIMARY,False,True,3,AFR || CSA || MID,3,3,0,1257,1346.0,1362,35,0,True,True,True,True,False,True,False,True,True,GRCh37,body_mass_index,Direct quantitative readout,Direct quantitative readout,B,B,0,1,1,1,Obesity,"AFR,CSA,MID"
gt_6925bb9b57369884,MAPK3,Pan-UKB,Pan-UKB::continuous|21001|both_sexes||irnt,Body mass index (BMI),PRIMARY,False,True,3,AFR || CSA || MID,3,3,0,172,197.0,216,111,0,True,True,True,True,False,True,False,True,True,GRCh37,body_mass_index,Direct quantitative readout,Direct quantitative readout,B,B,0,1,1,1,Obesity,"AFR,CSA,MID"
gt_e31188cc7b292717,MC4R,Pan-UKB,Pan-UKB::continuous|21001|both_sexes||irnt,Body mass index (BMI),PRIMARY,False,True,3,AFR || CSA || MID,3,3,0,531,565.0,615,195,0,True,True,True,True,False,True,False,True,True,GRCh37,body_mass_index,Direct quantitative readout,Direct quantitative readout,A,A,1,0,1,1,Obesity,"AFR,CSA,MID"
gt_9b4c668b144beda2,OPRM1,Pan-UKB,Pan-UKB::continuous|21001|both_sexes||irnt,Body mass index (BMI),PRIMARY,False,True,3,AFR || CSA || MID,3,3,0,1296,1419.0,1496,53,0,True,True,True,True,False,True,False,True,True,GRCh37,body_mass_index,Direct quantitative readout,Direct quantitative readout,B,B,0,1,1,1,Obesity,"AFR,CSA,MID"
gt_4129badd0cfdf3a3,PPARD,Pan-UKB,Pan-UKB::continuous|21001|both_sexes||irnt,Body mass index (BMI),PRIMARY,False,True,3,AFR || CSA || MID,3,3,0,519,575.0,687,85,0,True,True,True,True,False,True,False,True,True,GRCh37,body_mass_index,Direct quantitative readout,Direct quantitative readout,B,B,0,1,1,1,Obesity,"AFR,CSA,MID"
gt_00419bc476176825,PPARG,Pan-UKB,Pan-UKB::continuous|21001|both_sexes||irnt,Body mass index (BMI),PRIMARY,False,True,3,AFR || CSA || MID,3,3,0,731,879.0,914,3,0,True,True,True,True,False,True,False,True,True,GRCh37,body_mass_index,Direct quantitative readout,Direct quantitative readout,A,A,1,0,1,1,Obesity,"AFR,CSA,MID"
gt_5d3db36ffbf5ebc1,SLC6A4,Pan-UKB,Pan-UKB::continuous|21001|both_sexes||irnt,Body mass index (BMI),PRIMARY,False,True,3,AFR || CSA || MID,3,3,0,290,341.0,359,5,0,True,True,True,True,False,True,False,True,True,GRCh37,body_mass_index,Direct quantitative readout,Direct quantitative readout,B,B,0,1,1,1,Obesity,"AFR,CSA,MID"
gt_fa7c0f92ccea41a7,ALDH2,Pan-UKB,Pan-UKB::continuous|eGFR|both_sexes||irnt,"Estimated glomerular filtration rate, serum creatinine",PRIMARY,False,True,2,CSA || MID,2,2,0,304,307.5,311,5,0,True,True,True,True,False,True,False,True,True,GRCh37,egfr_creatinine,Proxy biomarker,Proxy biomarker,B,B,0,1,1,1,Renal Insufficiency,"CSA,MID"
gt_2f8ebd8b90936da0,APOL1,Pan-UKB,Pan-UKB::continuous|eGFR|both_sexes||irnt,"Estimated glomerular filtration rate, serum creatinine",PRIMARY,False,True,2,CSA || MID,2,2,0,773,793.5,814,10,0,True,True,True,True,False,True,False,True,True,GRCh37,egfr_creatinine,Proxy biomarker,Proxy biomarker,B,B,0,2,2,2,"Glomerulosclerosis, Focal Segmental || Renal Insufficiency","CSA,MID"
gt_815416408d11e054,GLP1R,Pan-UKB,Pan-UKB::continuous|eGFR|both_sexes||irnt,"Estimated glomerular filtration rate, serum creatinine",PRIMARY,False,True,2,CSA || MID,2,2,0,798,812.5,827,16,0,True,True,True,True,False,True,False,True,True,GRCh37,egfr_creatinine,Proxy biomarker,Proxy biomarker,B,B,0,1,1,1,Renal Insufficiency,"CSA,MID"
gt_72ede56b8ff4d0df,KCNJ1,Pan-UKB,Pan-UKB::continuous|eGFR|both_sexes||irnt,"Estimated glomerular filtration rate, serum creatinine",PRIMARY,False,True,2,CSA || MID,2,2,0,784,793.5,803,72,0,True,True,True,True,False,True,False,True,True,GRCh37,egfr_creatinine,Proxy biomarker,Proxy biomarker,B,B,0,1,1,1,Renal Insufficiency,"CSA,MID"
gt_68fc6cde9a15be10,NFE2L2,Pan-UKB,Pan-UKB::continuous|eGFR|both_sexes||irnt,"Estimated glomerular filtration rate, serum creatinine",PRIMARY,False,True,2,CSA || MID,2,2,0,638,649.0,660,55,0,True,True,True,True,False,True,False,True,True,GRCh37,egfr_creatinine,Proxy biomarker,Proxy biomarker,B,B,0,1,1,1,Renal Insufficiency,"CSA,MID"
gt_5e2273bff10e0a9d,NFKB1,Pan-UKB,Pan-UKB::continuous|eGFR|both_sexes||irnt,"Estimated glomerular filtration rate, serum creatinine",PRIMARY,False,True,2,CSA || MID,2,2,0,652,683.5,715,173,0,True,True,True,True,False,True,False,True,True,GRCh37,egfr_creatinine,Proxy biomarker,Proxy biomarker,B,B,0,1,1,1,"Glomerulosclerosis, Focal Segmental","CSA,MID"
gt_f8d54415d6cc1cc4,ABCC8,Pan-UKB,Pan-UKB::biomarkers|30750|both_sexes||irnt,Glycated haemoglobin (HbA1c),PRIMARY,False,True,2,CSA || MID,2,2,0,839,843.5,848,55,0,True,True,True,True,False,True,False,True,True,GRCh37,hba1c,Direct quantitative readout,Direct quantitative readout,A,A,2,0,2,2,"Diabetes Mellitus || Diabetes Mellitus, Type 2","CSA,MID"
gt_8af78a546ba0cf73,DGAT1,Pan-UKB,Pan-UKB::biomarkers|30750|both_sexes||irnt,Glycated haemoglobin (HbA1c),PRIMARY,False,True,2,CSA || MID,2,2,0,266,269.0,272,90,0,True,True,True,True,False,True,False,True,True,GRCh37,hba1c,Direct quantitative readout,Direct quantitative readout,B,B,0,2,2,2,"Diabetes Mellitus || Diabetes Mellitus, Type 2","CSA,MID"
gt_58d110934e76bc52,FBP1,Pan-UKB,Pan-UKB::biomarkers|30750|both_sexes||irnt,Glycated haemoglobin (HbA1c),PRIMARY,False,True,2,CSA || MID,2,2,0,888,895.0,902,6,0,True,True,True,True,False,True,False,True,True,GRCh37,hba1c,Direct quantitative readout,Direct quantitative readout,B,B,0,1,1,1,"Diabetes Mellitus, Type 2","CSA,MID"
gt_0f50d04f150328dc,GDF15,Pan-UKB,Pan-UKB::biomarkers|30750|both_sexes||irnt,Glycated haemoglobin (HbA1c),PRIMARY,False,True,2,CSA || MID,2,2,0,534,544.5,555,33,0,True,True,True,True,False,True,False,True,True,GRCh37,hba1c,Direct quantitative readout,Direct quantitative readout,B,B,0,1,1,1,Diabetes Mellitus,"CSA,MID"
gt_08f7168b97dea82d,GIPR,Pan-UKB,Pan-UKB::biomarkers|30750|both_sexes||irnt,Glycated haemoglobin (HbA1c),PRIMARY,False,True,2,CSA || MID,2,2,0,534,543.0,552,194,0,True,True,True,True,False,True,False,True,True,GRCh37,hba1c,Direct quantitative readout,Direct quantitative readout,A,A,1,0,1,1,"Diabetes Mellitus, Type 2","CSA,MID"
gt_9c96bb01f3b324b3,GLP2R,Pan-UKB,Pan-UKB::biomarkers|30750|both_sexes||irnt,Glycated haemoglobin (HbA1c),PRIMARY,False,True,2,CSA || MID,2,2,0,1096,1097.5,1099,126,0,True,True,True,True,False,True,False,True,True,GRCh37,hba1c,Direct quantitative readout,Direct quantitative readout,B,B,0,1,1,1,"Diabetes Mellitus, Type 2","CSA,MID"
gt_9a354430dddcf5b3,KCNJ11,Pan-UKB,Pan-UKB::biomarkers|30750|both_sexes||irnt,Glycated haemoglobin (HbA1c),PRIMARY,False,True,2,CSA || MID,2,2,0,605,607.5,610,55,0,True,True,True,True,False,True,False,True,True,GRCh37,hba1c,Direct quantitative readout,Direct quantitative readout,A,A,2,0,2,2,"Diabetes Mellitus || Diabetes Mellitus, Type 2","CSA,MID"
gt_049926198a583d6a,METAP2,Pan-UKB,Pan-UKB::biomarkers|30750|both_sexes||irnt,Glycated haemoglobin (HbA1c),PRIMARY,False,True,2,CSA || MID,2,2,0,1072,1074.0,1076,35,0,True,True,True,True,False,True,False,True,True,GRCh37,hba1c,Direct quantitative readout,Direct quantitative readout,B,B,0,1,1,1,"Diabetes Mellitus, Type 2","CSA,MID"
gt_5b728915d445b416,PPARG,Pan-UKB,Pan-UKB::biomarkers|30750|both_sexes||irnt,Glycated haemoglobin (HbA1c),PRIMARY,False,True,2,CSA || MID,2,2,0,881,896.5,912,325,0,True,True,True,True,False,True,False,True,True,GRCh37,hba1c,Direct quantitative readout,Direct quantitative readout,A,A,1,0,1,1,"Diabetes Mellitus, Type 2","CSA,MID"
gt_f49766f3ae4b8a2f,SREBF1,Pan-UKB,Pan-UKB::biomarkers|30750|both_sexes||irnt,Glycated haemoglobin (HbA1c),PRIMARY,False,True,2,CSA || MID,2,2,0,274,279.5,285,183,0,True,True,True,True,False,True,False,True,True,GRCh37,hba1c,Direct quantitative readout,Direct quantitative readout,B,B,0,1,1,1,Diabetes Mellitus,"CSA,MID"
gt_f9d79082a44b2223,TP53,Pan-UKB,Pan-UKB::biomarkers|30750|both_sexes||irnt,Glycated haemoglobin (HbA1c),PRIMARY,False,True,2,CSA || MID,2,2,0,565,580.0,595,123,0,True,True,True,True,False,True,False,True,True,GRCh37,hba1c,Direct quantitative readout,Direct quantitative readout,B,B,0,1,1,1,Diabetes Mellitus,"CSA,MID"
gt_dab1180e9c6840b2,VEGFA,Pan-UKB,Pan-UKB::biomarkers|30750|both_sexes||irnt,Glycated haemoglobin (HbA1c),PRIMARY,False,True,2,CSA || MID,2,2,0,593,599.0,605,28,0,True,True,True,True,False,True,False,True,True,GRCh37,hba1c,Direct quantitative readout,Direct quantitative readout,B,B,0,1,1,1,"Diabetes Mellitus, Type 2","CSA,MID"
gt_df32c27b840a5558,ACVRL1,Pan-UKB,Pan-UKB::continuous|30020|both_sexes||irnt,Haemoglobin concentration,PRIMARY,False,True,1,CSA,1,1,0,476,476.0,476,19,0,True,True,True,True,False,True,False,True,True,GRCh37,haemoglobin,Direct quantitative readout,Direct quantitative readout,B,B,0,1,1,1,Anemia,CSA
gt_6543c2a00ddc02f5,EGLN1,Pan-UKB,Pan-UKB::continuous|30020|both_sexes||irnt,Haemoglobin concentration,PRIMARY,False,True,1,CSA,1,1,0,658,658.0,658,255,0,True,True,True,True,False,True,False,True,True,GRCh37,haemoglobin,Direct quantitative readout,Direct quantitative readout,A,A,1,0,1,1,Anemia,CSA
gt_6100c7305905baed,EGLN2,Pan-UKB,Pan-UKB::continuous|30020|both_sexes||irnt,Haemoglobin concentration,PRIMARY,False,True,1,CSA,1,1,0,805,805.0,805,109,0,True,True,True,True,False,True,False,True,True,GRCh37,haemoglobin,Direct quantitative readout,Direct quantitative readout,A,A,1,0,1,1,Anemia,CSA
gt_e581489a9e9ecfc2,EGLN3,Pan-UKB,Pan-UKB::continuous|30020|both_sexes||irnt,Haemoglobin concentration,PRIMARY,False,True,1,CSA,1,1,0,2543,2543.0,2543,33,0,True,True,True,True,False,True,False,True,True,GRCh37,haemoglobin,Direct quantitative readout,Direct quantitative readout,A,A,1,0,1,1,Anemia,CSA
gt_75fe57ef3df525f5,PKLR,Pan-UKB,Pan-UKB::continuous|30020|both_sexes||irnt,Haemoglobin concentration,PRIMARY,False,True,1,CSA,1,1,0,212,212.0,212,30,0,True,True,True,True,False,True,False,True,True,GRCh37,haemoglobin,Direct quantitative readout,Direct quantitative readout,B,B,0,1,1,1,Anemia,CSA
gt_709069d1feb6b869,ESR1,Pan-UKB,Pan-UKB::continuous|3148|both_sexes||irnt,Heel bone mineral density (BMD),PRIMARY,False,True,1,CSA,1,1,0,2117,2117.0,2117,480,0,True,True,True,True,False,True,False,True,True,GRCh37,heel_bone_mineral_density,Direct quantitative readout,Direct quantitative readout,A,A,1,0,1,1,Osteoporosis,CSA
gt_49fc2519dd5d448f,GHRHR,Pan-UKB,Pan-UKB::continuous|3148|both_sexes||irnt,Heel bone mineral density (BMD),PRIMARY,False,True,1,CSA,1,1,0,759,759.0,759,58,0,True,True,True,True,False,True,False,True,True,GRCh37,heel_bone_mineral_density,Direct quantitative readout,Direct quantitative readout,B,B,0,1,1,1,Osteoporosis,CSA
gt_1a54193972b2aa21,SOST,Pan-UKB,Pan-UKB::continuous|3148|both_sexes||irnt,Heel bone mineral density (BMD),PRIMARY,False,True,1,CSA,1,1,0,390,390.0,390,180,0,True,True,True,True,False,True,False,True,True,GRCh37,heel_bone_mineral_density,Direct quantitative readout,Direct quantitative readout,B,B,0,1,1,1,Osteoporosis,CSA
gt_95af7ca2e8a7e102,ABCA1,Pan-UKB,Pan-UKB::biomarkers|30780|both_sexes||irnt,LDL direct,PRIMARY,False,True,1,CSA,1,1,0,1286,1286.0,1286,73,0,True,True,True,True,False,True,False,True,True,GRCh37,ldl_cholesterol,Direct quantitative readout,Direct quantitative readout,B,B,0,1,1,1,Hyperlipidemias,CSA
gt_bbdbb86b1024cfac,ADRB1,Pan-UKB,Pan-UKB::biomarkers|30780|both_sexes||irnt,LDL direct,PRIMARY,False,True,1,CSA,1,1,0,497,497.0,497,13,0,True,True,True,True,False,True,False,True,True,GRCh37,ldl_cholesterol,Direct quantitative readout,Direct quantitative readout,B,B,0,1,1,1,Hyperlipidemias,CSA
gt_1c018fe9f451c0ea,ANGPTL8,Pan-UKB,Pan-UKB::biomarkers|30780|both_sexes||irnt,LDL direct,PRIMARY,False,True,1,CSA,1,1,0,663,663.0,663,177,0,True,True,True,True,False,True,False,True,True,GRCh37,ldl_cholesterol,Direct quantitative readout,Direct quantitative readout,B,B,0,1,1,1,Hyperlipidemias,CSA
gt_25de020ab85c0f34,APOA1,Pan-UKB,Pan-UKB::biomarkers|30780|both_sexes||irnt,LDL direct,PRIMARY,False,True,1,CSA,1,1,0,605,605.0,605,250,0,True,True,True,True,False,True,False,True,True,GRCh37,ldl_cholesterol,Direct quantitative readout,Direct quantitative readout,B,B,0,3,3,3,Hypercholesterolemia || Hyperlipidemias || Hyperlipoproteinemia Type II,CSA
gt_e4eae46191577e93,APOC3,Pan-UKB,Pan-UKB::biomarkers|30780|both_sexes||irnt,LDL direct,PRIMARY,False,True,1,CSA,1,1,0,599,599.0,599,252,0,True,True,True,True,False,True,False,True,True,GRCh37,ldl_cholesterol,Direct quantitative readout,Direct quantitative readout,B,B,0,3,3,3,Dyslipidemias || Hypercholesterolemia || Hyperlipidemias,CSA
gt_0b0678ba83486ccf,APOE,Pan-UKB,Pan-UKB::biomarkers|30780|both_sexes||irnt,LDL direct,PRIMARY,False,True,1,CSA,1,1,1,612,612.0,612,403,11,True,True,True,True,True,True,True,True,True,GRCh37,ldl_cholesterol,Direct quantitative readout,Direct quantitative readout,B,B,0,1,1,1,Hyperlipoproteinemia Type II,CSA
gt_cbb5ddcaa2f8a827,CETP,Pan-UKB,Pan-UKB::biomarkers|30780|both_sexes||irnt,LDL direct,PRIMARY,False,True,1,CSA,1,1,0,805,805.0,805,52,0,True,True,True,True,False,True,False,True,True,GRCh37,ldl_cholesterol,Direct quantitative readout,Direct quantitative readout,B,B,0,3,3,3,Hypercholesterolemia || Hyperlipidemias || Hyperlipoproteinemia Type II,CSA
gt_fdbaedc51aaa106f,HMGCR,Pan-UKB,Pan-UKB::biomarkers|30780|both_sexes||irnt,LDL direct,PRIMARY,False,True,1,CSA,1,1,0,474,474.0,474,371,0,True,True,True,True,False,True,False,True,True,GRCh37,ldl_cholesterol,Direct quantitative readout,Direct quantitative readout,A,A,3,0,3,3,Dyslipidemias || Hypercholesterolemia || Hyperlipidemias,CSA
gt_5da1ad3edfdad65e,LPA,Pan-UKB,Pan-UKB::biomarkers|30780|both_sexes||irnt,LDL direct,PRIMARY,False,True,1,CSA,1,1,0,642,642.0,642,230,0,True,True,True,True,False,True,False,True,True,GRCh37,ldl_cholesterol,Direct quantitative readout,Direct quantitative readout,B,B,0,1,1,1,Hyperlipidemias,CSA
gt_d690685489730e56,PCSK9,Pan-UKB,Pan-UKB::biomarkers|30780|both_sexes||irnt,LDL direct,PRIMARY,False,True,1,CSA,1,1,0,674,674.0,674,213,0,True,True,True,True,False,True,False,True,True,GRCh37,ldl_cholesterol,Direct quantitative readout,Direct quantitative readout,A,A,3,0,3,3,Hypercholesterolemia || Hyperlipidemias || Hyperlipoproteinemia Type II,CSA
gt_3b78c5d3b48b82a8,PPARG,Pan-UKB,Pan-UKB::biomarkers|30780|both_sexes||irnt,LDL direct,PRIMARY,False,True,1,CSA,1,1,0,879,879.0,879,62,0,True,True,True,True,False,True,False,True,True,GRCh37,ldl_cholesterol,Direct quantitative readout,Direct quantitative readout,A,A,1,0,1,1,Hyperlipidemias,CSA
gt_38057e29398d09a6,CSF3,Pan-UKB,Pan-UKB::continuous|30140|both_sexes||irnt,Neutrophill count,PRIMARY,False,True,2,CSA || MID,2,2,1,502,519.0,536,400,151,True,True,True,True,True,True,True,True,True,GRCh37,neutrophil_count,Direct quantitative readout,Direct quantitative readout,A,A,1,0,1,1,Neutropenia,"CSA,MID"
gt_128ad7c7ffd40309,CSF3R,Pan-UKB,Pan-UKB::continuous|30140|both_sexes||irnt,Neutrophill count,PRIMARY,False,True,2,CSA || MID,2,2,0,664,695.0,726,171,0,True,True,True,True,False,True,False,True,True,GRCh37,neutrophil_count,Direct quantitative readout,Direct quantitative readout,A,A,1,0,1,1,Neutropenia,"CSA,MID"
gt_7139353b566f0bd6,FAP,Pan-UKB,Pan-UKB::continuous|30140|both_sexes||irnt,Neutrophill count,PRIMARY,False,True,2,CSA || MID,2,2,0,381,396.5,412,7,0,True,True,True,True,False,True,False,True,True,GRCh37,neutrophil_count,Direct quantitative readout,Direct quantitative readout,B,B,0,1,1,1,Neutropenia,"CSA,MID"
gt_0c426abe19a96c54,ENPP1,Pan-UKB,Pan-UKB::biomarkers|30810|both_sexes||irnt,Phosphate,PRIMARY,False,True,1,CSA,1,1,0,794,794.0,794,345,0,True,True,True,True,False,True,False,True,True,GRCh37,phosphate,Direct quantitative readout,Direct quantitative readout,B,B,0,1,1,1,Hypophosphatemia,CSA
gt_3ef75cbdd99b6f07,IL12B,Pan-UKB,Pan-UKB::continuous|30080|both_sexes||irnt,Platelet count,PRIMARY,False,True,3,AFR || CSA || EAS,3,3,0,420,421.0,458,49,0,True,True,True,True,False,True,False,True,True,GRCh37,platelet_count,Direct quantitative readout,Direct quantitative readout,B,B,0,1,1,1,Thrombocytopenia,"AFR,CSA,EAS"
gt_54755b381baac1e7,JAK1,Pan-UKB,Pan-UKB::continuous|30080|both_sexes||irnt,Platelet count,PRIMARY,False,True,3,AFR || CSA || EAS,3,3,0,525,617.0,747,65,0,True,True,True,True,False,True,False,True,True,GRCh37,platelet_count,Direct quantitative readout,Direct quantitative readout,B,B,0,1,1,1,Thrombocytosis,"AFR,CSA,EAS"
gt_2fdb14cf300437e0,JAK2,Pan-UKB,Pan-UKB::continuous|30080|both_sexes||irnt,Platelet count,PRIMARY,False,True,3,AFR || CSA || EAS,3,3,0,761,782.0,887,434,0,True,True,True,True,False,True,False,True,True,GRCh37,platelet_count,Direct quantitative readout,Direct quantitative readout,A,A,2,0,2,2,Thrombocytopenia || Thrombocytosis,"AFR,CSA,EAS"
gt_3e77fef73aae3ddd,KDM1A,Pan-UKB,Pan-UKB::continuous|30080|both_sexes||irnt,Platelet count,PRIMARY,False,True,3,AFR || CSA || EAS,3,3,0,403,410.0,455,3,0,True,True,True,True,False,True,False,True,True,GRCh37,platelet_count,Direct quantitative readout,Direct quantitative readout,B,B,0,1,1,1,Thrombocytosis,"AFR,CSA,EAS"
gt_c1c146b54614cb80,MPL,Pan-UKB,Pan-UKB::continuous|30080|both_sexes||irnt,Platelet count,PRIMARY,False,True,3,AFR || CSA || EAS,3,3,0,224,254.0,305,17,0,True,True,True,True,False,True,False,True,True,GRCh37,platelet_count,Direct quantitative readout,Direct quantitative readout,A,A,1,0,1,1,Thrombocytopenia,"AFR,CSA,EAS"
gt_d1d00e9dc71a2499,PIK3CA,Pan-UKB,Pan-UKB::continuous|30080|both_sexes||irnt,Platelet count,PRIMARY,False,True,3,AFR || CSA || EAS,3,3,0,550,708.0,734,132,0,True,True,True,True,False,True,False,True,True,GRCh37,platelet_count,Direct quantitative readout,Direct quantitative readout,B,B,0,1,1,1,Thrombocytosis,"AFR,CSA,EAS"
gt_50240b5be2101e2e,PIK3CB,Pan-UKB,Pan-UKB::continuous|30080|both_sexes||irnt,Platelet count,PRIMARY,False,True,3,AFR || CSA || EAS,3,3,0,537,543.0,597,247,0,True,True,True,True,False,True,False,True,True,GRCh37,platelet_count,Direct quantitative readout,Direct quantitative readout,B,B,0,1,1,1,Thrombocytosis,"AFR,CSA,EAS"
gt_2b861b21b2545ae4,PIK3CG,Pan-UKB,Pan-UKB::continuous|30080|both_sexes||irnt,Platelet count,PRIMARY,False,True,3,AFR || CSA || EAS,3,3,0,534,585.0,653,8,0,True,True,True,True,False,True,False,True,True,GRCh37,platelet_count,Direct quantitative readout,Direct quantitative readout,B,B,0,1,1,1,Thrombocytosis,"AFR,CSA,EAS"
gt_5a525d6a0e697a02,THPO,Pan-UKB,Pan-UKB::continuous|30080|both_sexes||irnt,Platelet count,PRIMARY,False,True,3,AFR || CSA || EAS,3,3,1,514,542.0,613,134,4,True,True,True,True,True,True,True,True,True,GRCh37,platelet_count,Direct quantitative readout,Direct quantitative readout,B,B,0,2,2,2,Thrombocytopenia || Thrombocytosis,"AFR,CSA,EAS"
gt_bc3d66c41e611627,ADRB1,Pan-UKB,Pan-UKB::continuous|4080|both_sexes||irnt,"Systolic blood pressure, automated reading",PRIMARY,False,True,2,CSA || EAS,2,2,0,441,467.5,494,42,0,True,True,True,True,False,True,False,True,True,GRCh37,systolic_blood_pressure,Direct quantitative readout,Direct quantitative readout,A,A,1,0,1,1,Hypertension,"CSA,EAS"
gt_61f02eac2207e85d,AGT,Pan-UKB,Pan-UKB::continuous|4080|both_sexes||irnt,"Systolic blood pressure, automated reading",PRIMARY,False,True,2,CSA || EAS,2,2,0,760,804.5,849,87,0,True,True,True,True,False,True,False,True,True,GRCh37,systolic_blood_pressure,Direct quantitative readout,Direct quantitative readout,A,A,1,0,1,1,Hypertension,"CSA,EAS"
gt_3c1943ce7336242c,CYP11B1,Pan-UKB,Pan-UKB::continuous|4080|both_sexes||irnt,"Systolic blood pressure, automated reading",PRIMARY,False,True,2,CSA || EAS,2,2,0,733,828.0,923,98,0,True,True,True,True,False,True,False,True,True,GRCh37,systolic_blood_pressure,Direct quantitative readout,Direct quantitative readout,B,B,0,1,1,1,Hypertension,"CSA,EAS"
gt_3530535fddf90eba,CYP11B2,Pan-UKB,Pan-UKB::continuous|4080|both_sexes||irnt,"Systolic blood pressure, automated reading",PRIMARY,False,True,2,CSA || EAS,2,2,0,678,776.0,874,100,0,True,True,True,True,False,True,False,True,True,GRCh37,systolic_blood_pressure,Direct quantitative readout,Direct quantitative readout,B,B,0,1,1,1,Hypertension,"CSA,EAS"
gt_76b6b2db2844ebcd,OPRL1,Pan-UKB,Pan-UKB::continuous|4080|both_sexes||irnt,"Systolic blood pressure, automated reading",PRIMARY,False,True,2,CSA || EAS,2,2,0,353,417.0,481,24,0,True,True,True,True,False,True,False,True,True,GRCh37,systolic_blood_pressure,Direct quantitative readout,Direct quantitative readout,B,B,0,1,1,1,Hypertension,"CSA,EAS"
gt_b47ca6ecb9b21bb9,REN,Pan-UKB,Pan-UKB::continuous|4080|both_sexes||irnt,"Systolic blood pressure, automated reading",PRIMARY,False,True,2,CSA || EAS,2,2,0,434,496.5,559,3,0,True,True,True,True,False,True,False,True,True,GRCh37,systolic_blood_pressure,Direct quantitative readout,Direct quantitative readout,A,A,1,0,1,1,Hypertension,"CSA,EAS"
gt_f2d33ec15e3abce2,VDR,Pan-UKB,Pan-UKB::continuous|4080|both_sexes||irnt,"Systolic blood pressure, automated reading",PRIMARY,False,True,2,CSA || EAS,2,2,0,767,839.0,911,17,0,True,True,True,True,False,True,False,True,True,GRCh37,systolic_blood_pressure,Direct quantitative readout,Direct quantitative readout,B,B,0,1,1,1,Hypertension,"CSA,EAS"
gt_b328521a0423f5c5,ANGPTL3,Pan-UKB,Pan-UKB::biomarkers|30870|both_sexes||irnt,Triglycerides,PRIMARY,False,True,3,AFR || CSA || MID,3,3,1,208,242.0,255,235,120,True,True,True,True,True,True,True,True,True,GRCh37,triglycerides,Direct quantitative readout,Direct quantitative readout,B,B,0,1,1,1,Hypertriglyceridemia,"AFR,CSA,MID"
gt_37bb10a4689a1bb1,ANGPTL4,Pan-UKB,Pan-UKB::biomarkers|30870|both_sexes||irnt,Triglycerides,PRIMARY,False,True,3,AFR || CSA || MID,3,3,0,632,690.0,694,146,0,True,True,True,True,False,True,False,True,True,GRCh37,triglycerides,Direct quantitative readout,Direct quantitative readout,B,B,0,1,1,1,Hypertriglyceridemia,"AFR,CSA,MID"
gt_e89d07b40f69aeb9,APOB,Pan-UKB,Pan-UKB::biomarkers|30870|both_sexes||irnt,Triglycerides,PRIMARY,False,True,3,AFR || CSA || MID,3,3,1,389,427.0,466,286,15,True,True,True,True,True,True,True,True,True,GRCh37,triglycerides,Direct quantitative readout,Direct quantitative readout,B,B,0,1,1,1,Hypertriglyceridemia,"AFR,CSA,MID"
gt_f57de0955fec90d0,APOC3,Pan-UKB,Pan-UKB::biomarkers|30870|both_sexes||irnt,Triglycerides,PRIMARY,False,True,3,AFR || CSA || MID,3,3,2,501,599.0,619,533,149,True,True,True,True,True,True,True,True,True,GRCh37,triglycerides,Direct quantitative readout,Direct quantitative readout,A,A,1,0,1,1,Hypertriglyceridemia,"AFR,CSA,MID"
gt_3de9daa3443abcc6,FGF21,Pan-UKB,Pan-UKB::biomarkers|30870|both_sexes||irnt,Triglycerides,PRIMARY,False,True,3,AFR || CSA || MID,3,3,0,576,631.0,636,147,0,True,True,True,True,False,True,False,True,True,GRCh37,triglycerides,Direct quantitative readout,Direct quantitative readout,B,B,0,1,1,1,Hypertriglyceridemia,"AFR,CSA,MID"
gt_93b3040bef26dfa3,LPL,Pan-UKB,Pan-UKB::biomarkers|30870|both_sexes||irnt,Triglycerides,PRIMARY,False,True,3,AFR || CSA || MID,3,3,2,946,1056.0,1067,819,186,True,True,True,True,True,True,True,True,True,GRCh37,triglycerides,Direct quantitative readout,Direct quantitative readout,B,B,0,1,1,1,Hypertriglyceridemia,"AFR,CSA,MID"
gt_46f21fc6b2b38cba,PDE3A,Pan-UKB,Pan-UKB::biomarkers|30870|both_sexes||irnt,Triglycerides,PRIMARY,False,True,3,AFR || CSA || MID,3,3,0,1571,1839.0,1847,19,0,True,True,True,True,False,True,False,True,True,GRCh37,triglycerides,Direct quantitative readout,Direct quantitative readout,B,B,0,1,1,1,Hypertriglyceridemia,"AFR,CSA,MID"
gt_f4a47c2532951932,PDE4C,Pan-UKB,Pan-UKB::biomarkers|30870|both_sexes||irnt,Triglycerides,PRIMARY,False,True,3,AFR || CSA || MID,3,3,0,676,731.0,766,21,0,True,True,True,True,False,True,False,True,True,GRCh37,triglycerides,Direct quantitative readout,Direct quantitative readout,B,B,0,1,1,1,Hypertriglyceridemia,"AFR,CSA,MID"
gt_2ac1949db32bd35d,PPARA,Pan-UKB,Pan-UKB::biomarkers|30870|both_sexes||irnt,Triglycerides,PRIMARY,False,True,3,AFR || CSA || MID,3,3,0,665,752.0,799,239,0,True,True,True,True,False,True,False,True,True,GRCh37,triglycerides,Direct quantitative readout,Direct quantitative readout,A,A,1,0,1,1,Hypertriglyceridemia,"AFR,CSA,MID"
gt_44be73ebd0d0a1ce,PPARG,Pan-UKB,Pan-UKB::biomarkers|30870|both_sexes||irnt,Triglycerides,PRIMARY,False,True,3,AFR || CSA || MID,3,3,0,731,879.0,915,183,0,True,True,True,True,False,True,False,True,True,GRCh37,triglycerides,Direct quantitative readout,Direct quantitative readout,A,A,1,0,1,1,Hypertriglyceridemia,"AFR,CSA,MID"
gt_e879daaa8470efb6,CSF3R,Pan-UKB,Pan-UKB::continuous|30000|both_sexes||irnt,White blood cell (leukocyte) count,PRIMARY,False,True,1,CSA,1,1,0,664,664.0,664,90,0,True,True,True,True,False,True,False,True,True,GRCh37,white_blood_cell_count,Direct quantitative readout,Direct quantitative readout,A,A,1,0,1,1,Leukopenia,CSA
