variant_id,8:27565545:G:C,8:27584547:G:A,8:27580789:A:C,8:27548836:A:T,8:27557833:A:C,8:27568560:T:A,8:27558605:A:G,8:27577684:T:C,8:27562290:C:T
8:27565545:G:C,1.0,0.29922877250659674,0.22329722234654753,0.1457173629603073,0.1457173629603073,0.5612722087665931,0.1457173629603073,0.7087219345499846,0.14869700388021992
8:27584547:G:A,0.29922877250659674,0.9999999999999999,0.9016727644237631,-0.09058029370605959,-0.09058029370605959,-0.19679938058294297,-0.09058029370605959,0.2854577246352216,-0.11091331735730246
8:27580789:A:C,0.22329722234654753,0.9016727644237631,0.9999999999999998,-0.08537535870894793,-0.08537535870894793,-0.22036000754930535,-0.08537535870894793,0.32210414753431116,-0.10267299504077125
8:27548836:A:T,0.1457173629603073,-0.09058029370605959,-0.08537535870894793,1.0,1.0,0.3566784723906005,1.0,0.09267213078773842,0.9744606377961136
8:27557833:A:C,0.1457173629603073,-0.09058029370605959,-0.08537535870894793,1.0,1.0,0.3566784723906005,1.0,0.09267213078773842,0.9744606377961136
8:27568560:T:A,0.5612722087665931,-0.19679938058294297,-0.22036000754930535,0.3566784723906005,0.3566784723906005,1.0,0.3566784723906006,0.4591751320937892,0.3777614908100196
8:27558605:A:G,0.1457173629603073,-0.09058029370605959,-0.08537535870894793,1.0,1.0,0.3566784723906006,1.0,0.09267213078773842,0.9744606377961136
8:27577684:T:C,0.7087219345499846,0.2854577246352216,0.32210414753431116,0.09267213078773842,0.09267213078773842,0.4591751320937892,0.09267213078773842,1.0,0.10915451689592151
8:27562290:C:T,0.14869700388021992,-0.11091331735730246,-0.10267299504077125,0.9744606377961136,0.9744606377961136,0.3777614908100196,0.9744606377961136,0.10915451689592151,1.0
